time,meterusage
2019-01-01 00:15:00,55.09
2019-01-01 00:30:00,54.64
2019-01-01 00:45:00,55.18
2019-01-01 01:00:00,56.03
2019-01-01 01:15:00,55.77
2019-01-01 01:30:00,55.45
2019-01-01 01:45:00,55.74
2019-01-01 02:00:00,55.8
2019-01-01 02:15:00,55.62
2019-01-01 02:30:00,55.45
2019-01-01 02:45:00,55.52
2019-01-01 03:00:00,56.0
2019-01-01 03:15:00,55.88
2019-01-01 03:30:00,59.57
2019-01-01 03:45:00,62.9
2019-01-01 04:00:00,62.54
2019-01-01 04:15:00,62.18
2019-01-01 04:30:00,62.86
2019-01-01 04:45:00,62.73
2019-01-01 05:00:00,62.84
2019-01-01 05:15:00,63.52
2019-01-01 05:30:00,78.1
2019-01-01 05:45:00,108.79
2019-01-01 06:00:00,111.19
2019-01-01 06:15:00,118.67
2019-01-01 06:30:00,135.37
2019-01-01 06:45:00,142.55
2019-01-01 07:00:00,145.97
2019-01-01 07:15:00,141.31
2019-01-01 07:30:00,133.58
2019-01-01 07:45:00,131.19
2019-01-01 08:00:00,133.22
2019-01-01 08:15:00,135.18
2019-01-01 08:30:00,134.71
2019-01-01 08:45:00,134.07
2019-01-01 09:00:00,134.11
2019-01-01 09:15:00,137.63
2019-01-01 09:30:00,134.85
2019-01-01 09:45:00,137.01
2019-01-01 10:00:00,134.23
2019-01-01 10:15:00,135.59
2019-01-01 10:30:00,136.59
2019-01-01 10:45:00,134.23
2019-01-01 11:00:00,134.19
2019-01-01 11:15:00,137.59
2019-01-01 11:30:00,137.03
2019-01-01 11:45:00,137.12
2019-01-01 12:00:00,135.45
2019-01-01 12:15:00,132.78
2019-01-01 12:30:00,134.73
2019-01-01 12:45:00,135.4
2019-01-01 13:00:00,135.3
2019-01-01 13:15:00,132.93
2019-01-01 13:30:00,133.68
2019-01-01 13:45:00,135.07
2019-01-01 14:00:00,132.15
2019-01-01 14:15:00,131.06
2019-01-01 14:30:00,134.0
2019-01-01 14:45:00,132.56
2019-01-01 15:00:00,131.19
2019-01-01 15:15:00,130.33
2019-01-01 15:30:00,130.77
2019-01-01 15:45:00,131.64
2019-01-01 16:00:00,135.8
2019-01-01 16:15:00,134.58
2019-01-01 16:30:00,131.9
2019-01-01 16:45:00,130.41
2019-01-01 17:00:00,133.33
2019-01-01 17:15:00,138.18
2019-01-01 17:30:00,129.98
2019-01-01 17:45:00,116.3
2019-01-01 18:00:00,108.53
2019-01-01 18:15:00,107.82
2019-01-01 18:30:00,107.84
2019-01-01 18:45:00,106.18
2019-01-01 19:00:00,106.75
2019-01-01 19:15:00,108.4
2019-01-01 19:30:00,105.72
2019-01-01 19:45:00,105.95
2019-01-01 20:00:00,93.74
2019-01-01 20:15:00,87.41
2019-01-01 20:30:00,87.36
2019-01-01 20:45:00,94.94
2019-01-01 21:00:00,132.83
2019-01-01 21:15:00,110.53
2019-01-01 21:30:00,84.24
2019-01-01 21:45:00,80.86
2019-01-01 22:00:00,70.35
2019-01-01 22:15:00,59.63
2019-01-01 22:30:00,55.18
2019-01-01 22:45:00,54.47
2019-01-01 23:00:00,55.08
2019-01-01 23:15:00,55.11
2019-01-01 23:30:00,55.19
2019-01-01 23:45:00,55.56
2019-01-02 00:00:00,55.87
2019-01-02 00:15:00,55.67
2019-01-02 00:30:00,55.43
2019-01-02 00:45:00,56.03
2019-01-02 01:00:00,56.63
2019-01-02 01:15:00,57.51
2019-01-02 01:30:00,57.68
2019-01-02 01:45:00,57.91
2019-01-02 02:00:00,57.71
2019-01-02 02:15:00,58.32
2019-01-02 02:30:00,58.37
2019-01-02 02:45:00,58.27
2019-01-02 03:00:00,58.68
2019-01-02 03:15:00,58.2
2019-01-02 03:30:00,63.06
2019-01-02 03:45:00,67.94
2019-01-02 04:00:00,68.69
2019-01-02 04:15:00,67.62
2019-01-02 04:30:00,67.4
2019-01-02 04:45:00,68.45
2019-01-02 05:00:00,73.29
2019-01-02 05:15:00,78.36
2019-01-02 05:30:00,102.68
2019-01-02 05:45:00,162.75
2019-01-02 06:00:00,164.7
2019-01-02 06:15:00,151.26
2019-01-02 06:30:00,156.94
2019-01-02 06:45:00,173.5
2019-01-02 07:00:00,180.35
2019-01-02 07:15:00,182.95
2019-01-02 07:30:00,199.31
2019-01-02 07:45:00,221.18
2019-01-02 08:00:00,233.64
2019-01-02 08:15:00,239.33
2019-01-02 08:30:00,252.93
2019-01-02 08:45:00,260.4
2019-01-02 09:00:00,262.83
2019-01-02 09:15:00,261.67
2019-01-02 09:30:00,263.98
2019-01-02 09:45:00,263.55
2019-01-02 10:00:00,261.75
2019-01-02 10:15:00,269.27
2019-01-02 10:30:00,270.87
2019-01-02 10:45:00,268.86
2019-01-02 11:00:00,264.86
2019-01-02 11:15:00,261.57
2019-01-02 11:30:00,259.88
2019-01-02 11:45:00,254.46
2019-01-02 12:00:00,259.45
2019-01-02 12:15:00,262.77
2019-01-02 12:30:00,258.37
2019-01-02 12:45:00,260.17
2019-01-02 13:00:00,258.99
2019-01-02 13:15:00,255.46
2019-01-02 13:30:00,253.93
2019-01-02 13:45:00,252.2
2019-01-02 14:00:00,246.99
2019-01-02 14:15:00,247.32
2019-01-02 14:30:00,248.06
2019-01-02 14:45:00,243.94
2019-01-02 15:00:00,245.46
2019-01-02 15:15:00,246.22
2019-01-02 15:30:00,241.72
2019-01-02 15:45:00,239.55
2019-01-02 16:00:00,240.96
2019-01-02 16:15:00,238.41
2019-01-02 16:30:00,228.85
2019-01-02 16:45:00,227.15
2019-01-02 17:00:00,232.01
2019-01-02 17:15:00,227.23
2019-01-02 17:30:00,206.15
2019-01-02 17:45:00,179.32
2019-01-02 18:00:00,155.34
2019-01-02 18:15:00,138.3
2019-01-02 18:30:00,131.47
2019-01-02 18:45:00,136.15
2019-01-02 19:00:00,178.71
2019-01-02 19:15:00,161.46
2019-01-02 19:30:00,133.63
2019-01-02 19:45:00,126.96
2019-01-02 20:00:00,123.07
2019-01-02 20:15:00,121.82
2019-01-02 20:30:00,144.74
2019-01-02 20:45:00,164.83
2019-01-02 21:00:00,133.33
2019-01-02 21:15:00,114.83
2019-01-02 21:30:00,114.96
2019-01-02 21:45:00,104.22
2019-01-02 22:00:00,73.33
2019-01-02 22:15:00,54.19
2019-01-02 22:30:00,50.14
2019-01-02 22:45:00,49.76
2019-01-02 23:00:00,49.61
2019-01-02 23:15:00,47.23
2019-01-02 23:30:00,46.0
2019-01-02 23:45:00,45.97
2019-01-03 00:00:00,47.21
2019-01-03 00:15:00,46.31
2019-01-03 00:30:00,45.89
2019-01-03 00:45:00,45.65
2019-01-03 01:00:00,45.67
2019-01-03 01:15:00,45.6
2019-01-03 01:30:00,46.05
2019-01-03 01:45:00,45.81
2019-01-03 02:00:00,45.95
2019-01-03 02:15:00,45.83
2019-01-03 02:30:00,46.39
2019-01-03 02:45:00,46.37
2019-01-03 03:00:00,46.95
2019-01-03 03:15:00,49.31
2019-01-03 03:30:00,53.73
2019-01-03 03:45:00,55.59
2019-01-03 04:00:00,55.25
2019-01-03 04:15:00,54.98
2019-01-03 04:30:00,56.06
2019-01-03 04:45:00,57.09
2019-01-03 05:00:00,64.27
2019-01-03 05:15:00,70.64
2019-01-03 05:30:00,88.99
2019-01-03 05:45:00,155.41
2019-01-03 06:00:00,164.39
2019-01-03 06:15:00,150.47
2019-01-03 06:30:00,158.98
2019-01-03 06:45:00,172.92
2019-01-03 07:00:00,181.79
2019-01-03 07:15:00,189.5
2019-01-03 07:30:00,195.76
2019-01-03 07:45:00,205.16
2019-01-03 08:00:00,231.49
2019-01-03 08:15:00,250.49
2019-01-03 08:30:00,256.03
2019-01-03 08:45:00,258.4
2019-01-03 09:00:00,267.27
2019-01-03 09:15:00,273.07
2019-01-03 09:30:00,267.84
2019-01-03 09:45:00,261.48
2019-01-03 10:00:00,263.39
2019-01-03 10:15:00,264.72
2019-01-03 10:30:00,263.46
2019-01-03 10:45:00,264.56
2019-01-03 11:00:00,263.55
2019-01-03 11:15:00,263.1
2019-01-03 11:30:00,265.25
2019-01-03 11:45:00,265.59
2019-01-03 12:00:00,265.68
2019-01-03 12:15:00,264.32
2019-01-03 12:30:00,260.82
2019-01-03 12:45:00,261.22
2019-01-03 13:00:00,263.24
2019-01-03 13:15:00,260.08
2019-01-03 13:30:00,258.11
2019-01-03 13:45:00,260.59
2019-01-03 14:00:00,253.08
2019-01-03 14:15:00,251.16
2019-01-03 14:30:00,259.1
2019-01-03 14:45:00,254.54
2019-01-03 15:00:00,251.82
2019-01-03 15:15:00,253.56
2019-01-03 15:30:00,253.18
2019-01-03 15:45:00,257.56
2019-01-03 16:00:00,262.13
2019-01-03 16:15:00,262.23
2019-01-03 16:30:00,257.28
2019-01-03 16:45:00,252.99
2019-01-03 17:00:00,245.17
2019-01-03 17:15:00,235.12
2019-01-03 17:30:00,223.06
2019-01-03 17:45:00,193.12
2019-01-03 18:00:00,159.52
2019-01-03 18:15:00,143.66
2019-01-03 18:30:00,139.23
2019-01-03 18:45:00,139.3
2019-01-03 19:00:00,180.57
2019-01-03 19:15:00,165.82
2019-01-03 19:30:00,137.87
2019-01-03 19:45:00,131.21
2019-01-03 20:00:00,128.58
2019-01-03 20:15:00,125.86
2019-01-03 20:30:00,150.92
2019-01-03 20:45:00,170.36
2019-01-03 21:00:00,137.06
2019-01-03 21:15:00,118.39
2019-01-03 21:30:00,118.26
2019-01-03 21:45:00,112.38
2019-01-03 22:00:00,86.3
2019-01-03 22:15:00,62.42
2019-01-03 22:30:00,55.45
2019-01-03 22:45:00,55.34
2019-01-03 23:00:00,55.41
2019-01-03 23:15:00,54.6
2019-01-03 23:30:00,52.21
2019-01-03 23:45:00,51.12
2019-01-04 00:00:00,51.0
2019-01-04 00:15:00,51.14
2019-01-04 00:30:00,51.24
2019-01-04 00:45:00,51.0
2019-01-04 01:00:00,51.26
2019-01-04 01:15:00,51.03
2019-01-04 01:30:00,51.12
2019-01-04 01:45:00,51.62
2019-01-04 02:00:00,51.54
2019-01-04 02:15:00,50.97
2019-01-04 02:30:00,51.04
2019-01-04 02:45:00,51.52
2019-01-04 03:00:00,50.9
2019-01-04 03:15:00,50.87
2019-01-04 03:30:00,57.31
2019-01-04 03:45:00,61.89
2019-01-04 04:00:00,61.53
2019-01-04 04:15:00,60.81
2019-01-04 04:30:00,60.93
2019-01-04 04:45:00,63.75
2019-01-04 05:00:00,70.27
2019-01-04 05:15:00,76.92
2019-01-04 05:30:00,95.87
2019-01-04 05:45:00,162.85
2019-01-04 06:00:00,176.84
2019-01-04 06:15:00,163.81
2019-01-04 06:30:00,172.73
2019-01-04 06:45:00,186.77
2019-01-04 07:00:00,192.65
2019-01-04 07:15:00,192.82
2019-01-04 07:30:00,205.1
2019-01-04 07:45:00,210.87
2019-01-04 08:00:00,227.76
2019-01-04 08:15:00,245.31
2019-01-04 08:30:00,258.4
2019-01-04 08:45:00,268.22
2019-01-04 09:00:00,272.19
2019-01-04 09:15:00,277.17
2019-01-04 09:30:00,276.54
2019-01-04 09:45:00,270.7
2019-01-04 10:00:00,267.36
2019-01-04 10:15:00,265.28
2019-01-04 10:30:00,263.8
2019-01-04 10:45:00,263.57
2019-01-04 11:00:00,268.59
2019-01-04 11:15:00,263.67
2019-01-04 11:30:00,263.56
2019-01-04 11:45:00,261.91
2019-01-04 12:00:00,263.11
2019-01-04 12:15:00,264.24
2019-01-04 12:30:00,263.83
2019-01-04 12:45:00,265.0
2019-01-04 13:00:00,267.16
2019-01-04 13:15:00,265.1
2019-01-04 13:30:00,258.13
2019-01-04 13:45:00,258.01
2019-01-04 14:00:00,260.45
2019-01-04 14:15:00,258.21
2019-01-04 14:30:00,257.12
2019-01-04 14:45:00,255.66
2019-01-04 15:00:00,254.7
2019-01-04 15:15:00,251.72
2019-01-04 15:30:00,251.06
2019-01-04 15:45:00,251.52
2019-01-04 16:00:00,249.5
2019-01-04 16:15:00,247.9
2019-01-04 16:30:00,247.5
2019-01-04 16:45:00,248.18
2019-01-04 17:00:00,245.88
2019-01-04 17:15:00,231.12
2019-01-04 17:30:00,213.68
2019-01-04 17:45:00,185.15
2019-01-04 18:00:00,157.01
2019-01-04 18:15:00,141.02
2019-01-04 18:30:00,129.7
2019-01-04 18:45:00,126.52
2019-01-04 19:00:00,170.75
2019-01-04 19:15:00,160.57
2019-01-04 19:30:00,128.24
2019-01-04 19:45:00,119.3
2019-01-04 20:00:00,120.32
2019-01-04 20:15:00,120.03
2019-01-04 20:30:00,141.45
2019-01-04 20:45:00,163.09
2019-01-04 21:00:00,131.79
2019-01-04 21:15:00,113.61
2019-01-04 21:30:00,108.31
2019-01-04 21:45:00,93.54
2019-01-04 22:00:00,73.68
2019-01-04 22:15:00,60.13
2019-01-04 22:30:00,56.19
2019-01-04 22:45:00,55.02
2019-01-04 23:00:00,52.93
2019-01-04 23:15:00,49.87
2019-01-04 23:30:00,48.65
2019-01-04 23:45:00,49.08
2019-01-05 00:00:00,49.79
2019-01-05 00:15:00,49.76
2019-01-05 00:30:00,49.19
2019-01-05 00:45:00,49.66
2019-01-05 01:00:00,48.87
2019-01-05 01:15:00,48.85
2019-01-05 01:30:00,48.9
2019-01-05 01:45:00,49.38
2019-01-05 02:00:00,49.34
2019-01-05 02:15:00,49.25
2019-01-05 02:30:00,48.77
2019-01-05 02:45:00,47.94
2019-01-05 03:00:00,47.34
2019-01-05 03:15:00,48.19
2019-01-05 03:30:00,49.3
2019-01-05 03:45:00,48.84
2019-01-05 04:00:00,47.69
2019-01-05 04:15:00,47.41
2019-01-05 04:30:00,47.35
2019-01-05 04:45:00,48.44
2019-01-05 05:00:00,48.34
2019-01-05 05:15:00,47.58
2019-01-05 05:30:00,47.21
2019-01-05 05:45:00,47.77
2019-01-05 06:00:00,47.86
2019-01-05 06:15:00,47.74
2019-01-05 06:30:00,49.16
2019-01-05 06:45:00,52.63
2019-01-05 07:00:00,52.78
2019-01-05 07:15:00,51.83
2019-01-05 07:30:00,51.57
2019-01-05 07:45:00,52.6
2019-01-05 08:00:00,52.27
2019-01-05 08:15:00,51.63
2019-01-05 08:30:00,51.06
2019-01-05 08:45:00,51.26
2019-01-05 09:00:00,53.98
2019-01-05 09:15:00,56.37
2019-01-05 09:30:00,56.96
2019-01-05 09:45:00,56.03
2019-01-05 10:00:00,55.69
2019-01-05 10:15:00,55.53
2019-01-05 10:30:00,56.22
2019-01-05 10:45:00,56.9
2019-01-05 11:00:00,56.21
2019-01-05 11:15:00,55.69
2019-01-05 11:30:00,55.73
2019-01-05 11:45:00,55.91
2019-01-05 12:00:00,56.16
2019-01-05 12:15:00,55.68
2019-01-05 12:30:00,55.56
2019-01-05 12:45:00,56.71
2019-01-05 13:00:00,57.28
2019-01-05 13:15:00,57.08
2019-01-05 13:30:00,55.88
2019-01-05 13:45:00,56.64
2019-01-05 14:00:00,56.76
2019-01-05 14:15:00,56.51
2019-01-05 14:30:00,56.15
2019-01-05 14:45:00,55.35
2019-01-05 15:00:00,55.21
2019-01-05 15:15:00,55.8
2019-01-05 15:30:00,56.28
2019-01-05 15:45:00,56.21
2019-01-05 16:00:00,55.48
2019-01-05 16:15:00,54.41
2019-01-05 16:30:00,52.52
2019-01-05 16:45:00,52.0
2019-01-05 17:00:00,52.63
2019-01-05 17:15:00,51.88
2019-01-05 17:30:00,51.94
2019-01-05 17:45:00,52.37
2019-01-05 18:00:00,53.38
2019-01-05 18:15:00,52.53
2019-01-05 18:30:00,51.59
2019-01-05 18:45:00,52.39
2019-01-05 19:00:00,52.65
2019-01-05 19:15:00,53.13
2019-01-05 19:30:00,52.46
2019-01-05 19:45:00,50.58
2019-01-05 20:00:00,48.78
2019-01-05 20:15:00,47.5
2019-01-05 20:30:00,47.34
2019-01-05 20:45:00,47.32
2019-01-05 21:00:00,47.65
2019-01-05 21:15:00,47.66
2019-01-05 21:30:00,47.49
2019-01-05 21:45:00,47.74
2019-01-05 22:00:00,47.98
2019-01-05 22:15:00,48.1
2019-01-05 22:30:00,48.2
2019-01-05 22:45:00,48.45
2019-01-05 23:00:00,47.74
2019-01-05 23:15:00,47.32
2019-01-05 23:30:00,47.76
2019-01-05 23:45:00,48.41
2019-01-06 00:00:00,48.38
2019-01-06 00:15:00,48.06
2019-01-06 00:30:00,47.65
2019-01-06 00:45:00,47.74
2019-01-06 01:00:00,48.29
2019-01-06 01:15:00,47.43
2019-01-06 01:30:00,48.36
2019-01-06 01:45:00,48.51
2019-01-06 02:00:00,48.59
2019-01-06 02:15:00,47.71
2019-01-06 02:30:00,47.81
2019-01-06 02:45:00,49.5
2019-01-06 03:00:00,48.6
2019-01-06 03:15:00,47.99
2019-01-06 03:30:00,48.48
2019-01-06 03:45:00,48.69
2019-01-06 04:00:00,48.13
2019-01-06 04:15:00,47.46
2019-01-06 04:30:00,48.58
2019-01-06 04:45:00,48.94
2019-01-06 05:00:00,47.7
2019-01-06 05:15:00,47.73
2019-01-06 05:30:00,47.76
2019-01-06 05:45:00,47.2
2019-01-06 06:00:00,47.66
2019-01-06 06:15:00,48.0
2019-01-06 06:30:00,50.16
2019-01-06 06:45:00,51.99
2019-01-06 07:00:00,52.37
2019-01-06 07:15:00,52.07
2019-01-06 07:30:00,51.43
2019-01-06 07:45:00,52.85
2019-01-06 08:00:00,52.74
2019-01-06 08:15:00,52.59
2019-01-06 08:30:00,51.7
2019-01-06 08:45:00,51.75
2019-01-06 09:00:00,52.45
2019-01-06 09:15:00,52.46
2019-01-06 09:30:00,52.3
2019-01-06 09:45:00,52.29
2019-01-06 10:00:00,52.35
2019-01-06 10:15:00,52.02
2019-01-06 10:30:00,52.51
2019-01-06 10:45:00,52.62
2019-01-06 11:00:00,52.63
2019-01-06 11:15:00,51.79
2019-01-06 11:30:00,51.17
2019-01-06 11:45:00,51.99
2019-01-06 12:00:00,52.45
2019-01-06 12:15:00,51.9
2019-01-06 12:30:00,51.77
2019-01-06 12:45:00,51.67
2019-01-06 13:00:00,52.3
2019-01-06 13:15:00,52.18
2019-01-06 13:30:00,51.36
2019-01-06 13:45:00,51.83
2019-01-06 14:00:00,53.21
2019-01-06 14:15:00,52.47
2019-01-06 14:30:00,52.95
2019-01-06 14:45:00,52.72
2019-01-06 15:00:00,52.08
2019-01-06 15:15:00,51.94
2019-01-06 15:30:00,51.82
2019-01-06 15:45:00,52.4
2019-01-06 16:00:00,52.48
2019-01-06 16:15:00,51.77
2019-01-06 16:30:00,51.68
2019-01-06 16:45:00,55.03
2019-01-06 17:00:00,58.16
2019-01-06 17:15:00,59.27
2019-01-06 17:30:00,59.48
2019-01-06 17:45:00,59.71
2019-01-06 18:00:00,74.3
2019-01-06 18:15:00,102.52
2019-01-06 18:30:00,79.25
2019-01-06 18:45:00,62.36
2019-01-06 19:00:00,62.82
2019-01-06 19:15:00,62.82
2019-01-06 19:30:00,62.13
2019-01-06 19:45:00,80.56
2019-01-06 20:00:00,98.94
2019-01-06 20:15:00,73.94
2019-01-06 20:30:00,58.6
2019-01-06 20:45:00,58.22
2019-01-06 21:00:00,58.23
2019-01-06 21:15:00,58.19
2019-01-06 21:30:00,57.89
2019-01-06 21:45:00,59.67
2019-01-06 22:00:00,97.49
2019-01-06 22:15:00,85.23
2019-01-06 22:30:00,61.61
2019-01-06 22:45:00,57.78
2019-01-06 23:00:00,58.05
2019-01-06 23:15:00,59.08
2019-01-06 23:30:00,59.01
2019-01-06 23:45:00,76.5
2019-01-07 00:00:00,114.57
2019-01-07 00:15:00,101.21
2019-01-07 00:30:00,86.93
2019-01-07 00:45:00,87.25
2019-01-07 01:00:00,90.81
2019-01-07 01:15:00,90.65
2019-01-07 01:30:00,88.37
2019-01-07 01:45:00,87.9
2019-01-07 02:00:00,88.15
2019-01-07 02:15:00,92.22
2019-01-07 02:30:00,106.64
2019-01-07 02:45:00,122.8
2019-01-07 03:00:00,129.82
2019-01-07 03:15:00,129.72
2019-01-07 03:30:00,121.94
2019-01-07 03:45:00,117.31
2019-01-07 04:00:00,115.86
2019-01-07 04:15:00,119.02
2019-01-07 04:30:00,121.38
2019-01-07 04:45:00,126.98
2019-01-07 05:00:00,137.04
2019-01-07 05:15:00,143.52
2019-01-07 05:30:00,142.11
2019-01-07 05:45:00,136.33
2019-01-07 06:00:00,134.09
2019-01-07 06:15:00,145.11
2019-01-07 06:30:00,165.99
2019-01-07 06:45:00,179.89
2019-01-07 07:00:00,184.94
2019-01-07 07:15:00,199.91
2019-01-07 07:30:00,213.54
2019-01-07 07:45:00,221.92
2019-01-07 08:00:00,237.86
2019-01-07 08:15:00,254.82
2019-01-07 08:30:00,269.9
2019-01-07 08:45:00,279.72
2019-01-07 09:00:00,287.69
2019-01-07 09:15:00,289.0
2019-01-07 09:30:00,289.86
2019-01-07 09:45:00,297.14
2019-01-07 10:00:00,294.14
2019-01-07 10:15:00,291.09
2019-01-07 10:30:00,292.31
2019-01-07 10:45:00,289.24
2019-01-07 11:00:00,288.58
2019-01-07 11:15:00,289.96
2019-01-07 11:30:00,287.53
2019-01-07 11:45:00,280.38
2019-01-07 12:00:00,284.64
2019-01-07 12:15:00,289.27
2019-01-07 12:30:00,289.8
2019-01-07 12:45:00,286.93
2019-01-07 13:00:00,284.35
2019-01-07 13:15:00,283.39
2019-01-07 13:30:00,281.86
2019-01-07 13:45:00,280.16
2019-01-07 14:00:00,276.45
2019-01-07 14:15:00,275.11
2019-01-07 14:30:00,273.65
2019-01-07 14:45:00,273.16
2019-01-07 15:00:00,270.59
2019-01-07 15:15:00,264.28
2019-01-07 15:30:00,262.1
2019-01-07 15:45:00,265.41
2019-01-07 16:00:00,267.28
2019-01-07 16:15:00,259.0
2019-01-07 16:30:00,251.72
2019-01-07 16:45:00,253.86
2019-01-07 17:00:00,253.17
2019-01-07 17:15:00,248.13
2019-01-07 17:30:00,237.64
2019-01-07 17:45:00,222.29
2019-01-07 18:00:00,193.24
2019-01-07 18:15:00,174.39
2019-01-07 18:30:00,165.36
2019-01-07 18:45:00,163.35
2019-01-07 19:00:00,200.95
2019-01-07 19:15:00,196.17
2019-01-07 19:30:00,161.01
2019-01-07 19:45:00,149.13
2019-01-07 20:00:00,143.72
2019-01-07 20:15:00,139.83
2019-01-07 20:30:00,138.94
2019-01-07 20:45:00,174.8
2019-01-07 21:00:00,176.2
2019-01-07 21:15:00,144.65
2019-01-07 21:30:00,129.86
2019-01-07 21:45:00,114.51
2019-01-07 22:00:00,91.91
2019-01-07 22:15:00,77.94
2019-01-07 22:30:00,73.94
2019-01-07 22:45:00,74.75
2019-01-07 23:00:00,72.92
2019-01-07 23:15:00,62.31
2019-01-07 23:30:00,57.52
2019-01-07 23:45:00,57.58
2019-01-08 00:00:00,57.84
2019-01-08 00:15:00,57.96
2019-01-08 00:30:00,58.58
2019-01-08 00:45:00,59.01
2019-01-08 01:00:00,58.43
2019-01-08 01:15:00,58.25
2019-01-08 01:30:00,58.35
2019-01-08 01:45:00,58.17
2019-01-08 02:00:00,58.59
2019-01-08 02:15:00,58.69
2019-01-08 02:30:00,58.58
2019-01-08 02:45:00,59.31
2019-01-08 03:00:00,59.38
2019-01-08 03:15:00,61.34
2019-01-08 03:30:00,66.77
2019-01-08 03:45:00,69.58
2019-01-08 04:00:00,70.08
2019-01-08 04:15:00,70.13
2019-01-08 04:30:00,69.03
2019-01-08 04:45:00,68.98
2019-01-08 05:00:00,69.97
2019-01-08 05:15:00,77.74
2019-01-08 05:30:00,97.22
2019-01-08 05:45:00,123.46
2019-01-08 06:00:00,125.72
2019-01-08 06:15:00,141.27
2019-01-08 06:30:00,176.54
2019-01-08 06:45:00,196.21
2019-01-08 07:00:00,202.9
2019-01-08 07:15:00,207.56
2019-01-08 07:30:00,212.77
2019-01-08 07:45:00,227.75
2019-01-08 08:00:00,245.27
2019-01-08 08:15:00,259.21
2019-01-08 08:30:00,268.61
2019-01-08 08:45:00,273.96
2019-01-08 09:00:00,277.93
2019-01-08 09:15:00,283.89
2019-01-08 09:30:00,288.82
2019-01-08 09:45:00,294.07
2019-01-08 10:00:00,293.67
2019-01-08 10:15:00,296.7
2019-01-08 10:30:00,294.0
2019-01-08 10:45:00,286.83
2019-01-08 11:00:00,289.73
2019-01-08 11:15:00,281.44
2019-01-08 11:30:00,273.71
2019-01-08 11:45:00,272.48
2019-01-08 12:00:00,278.69
2019-01-08 12:15:00,284.05
2019-01-08 12:30:00,282.67
2019-01-08 12:45:00,282.2
2019-01-08 13:00:00,281.26
2019-01-08 13:15:00,276.54
2019-01-08 13:30:00,274.81
2019-01-08 13:45:00,275.2
2019-01-08 14:00:00,276.1
2019-01-08 14:15:00,271.88
2019-01-08 14:30:00,270.7
2019-01-08 14:45:00,266.01
2019-01-08 15:00:00,267.16
2019-01-08 15:15:00,265.21
2019-01-08 15:30:00,263.43
2019-01-08 15:45:00,260.34
2019-01-08 16:00:00,259.4
2019-01-08 16:15:00,257.83
2019-01-08 16:30:00,259.8
2019-01-08 16:45:00,260.87
2019-01-08 17:00:00,257.63
2019-01-08 17:15:00,250.55
2019-01-08 17:30:00,234.69
2019-01-08 17:45:00,210.15
2019-01-08 18:00:00,187.08
2019-01-08 18:15:00,172.02
2019-01-08 18:30:00,159.64
2019-01-08 18:45:00,151.99
2019-01-08 19:00:00,178.31
2019-01-08 19:15:00,179.69
2019-01-08 19:30:00,148.09
2019-01-08 19:45:00,134.17
2019-01-08 20:00:00,131.0
2019-01-08 20:15:00,127.55
2019-01-08 20:30:00,125.0
2019-01-08 20:45:00,128.44
2019-01-08 21:00:00,162.69
2019-01-08 21:15:00,142.04
2019-01-08 21:30:00,118.86
2019-01-08 21:45:00,105.72
2019-01-08 22:00:00,79.0
2019-01-08 22:15:00,60.82
2019-01-08 22:30:00,56.35
2019-01-08 22:45:00,55.78
2019-01-08 23:00:00,55.68
2019-01-08 23:15:00,53.04
2019-01-08 23:30:00,50.44
2019-01-08 23:45:00,51.01
2019-01-09 00:00:00,50.83
2019-01-09 00:15:00,50.86
2019-01-09 00:30:00,51.99
2019-01-09 00:45:00,52.31
2019-01-09 01:00:00,52.45
2019-01-09 01:15:00,52.24
2019-01-09 01:30:00,53.15
2019-01-09 01:45:00,53.94
2019-01-09 02:00:00,54.24
2019-01-09 02:15:00,53.8
2019-01-09 02:30:00,53.26
2019-01-09 02:45:00,54.15
2019-01-09 03:00:00,53.75
2019-01-09 03:15:00,55.35
2019-01-09 03:30:00,60.79
2019-01-09 03:45:00,64.06
2019-01-09 04:00:00,64.44
2019-01-09 04:15:00,64.29
2019-01-09 04:30:00,65.13
2019-01-09 04:45:00,67.27
2019-01-09 05:00:00,70.67
2019-01-09 05:15:00,77.13
2019-01-09 05:30:00,97.66
2019-01-09 05:45:00,142.59
2019-01-09 06:00:00,166.84
2019-01-09 06:15:00,158.23
2019-01-09 06:30:00,162.71
2019-01-09 06:45:00,185.75
2019-01-09 07:00:00,203.18
2019-01-09 07:15:00,204.17
2019-01-09 07:30:00,228.92
2019-01-09 07:45:00,236.78
2019-01-09 08:00:00,235.63
2019-01-09 08:15:00,248.38
2019-01-09 08:30:00,263.56
2019-01-09 08:45:00,269.91
2019-01-09 09:00:00,278.73
2019-01-09 09:15:00,283.85
2019-01-09 09:30:00,281.92
2019-01-09 09:45:00,280.27
2019-01-09 10:00:00,275.54
2019-01-09 10:15:00,270.32
2019-01-09 10:30:00,266.46
2019-01-09 10:45:00,271.74
2019-01-09 11:00:00,274.86
2019-01-09 11:15:00,268.8
2019-01-09 11:30:00,264.79
2019-01-09 11:45:00,261.55
2019-01-09 12:00:00,263.56
2019-01-09 12:15:00,258.85
2019-01-09 12:30:00,260.11
2019-01-09 12:45:00,259.27
2019-01-09 13:00:00,256.87
2019-01-09 13:15:00,249.75
2019-01-09 13:30:00,245.33
2019-01-09 13:45:00,248.77
2019-01-09 14:00:00,250.83
2019-01-09 14:15:00,252.49
2019-01-09 14:30:00,245.92
2019-01-09 14:45:00,248.68
2019-01-09 15:00:00,249.26
2019-01-09 15:15:00,246.87
2019-01-09 15:30:00,244.87
2019-01-09 15:45:00,250.64
2019-01-09 16:00:00,254.41
2019-01-09 16:15:00,254.42
2019-01-09 16:30:00,253.56
2019-01-09 16:45:00,251.26
2019-01-09 17:00:00,244.85
2019-01-09 17:15:00,243.98
2019-01-09 17:30:00,232.33
2019-01-09 17:45:00,203.82
2019-01-09 18:00:00,178.25
2019-01-09 18:15:00,163.22
2019-01-09 18:30:00,157.92
2019-01-09 18:45:00,155.78
2019-01-09 19:00:00,189.76
2019-01-09 19:15:00,188.14
2019-01-09 19:30:00,154.64
2019-01-09 19:45:00,142.19
2019-01-09 20:00:00,139.49
2019-01-09 20:15:00,136.47
2019-01-09 20:30:00,135.4
2019-01-09 20:45:00,137.27
2019-01-09 21:00:00,177.64
2019-01-09 21:15:00,157.0
2019-01-09 21:30:00,132.54
2019-01-09 21:45:00,140.61
2019-01-09 22:00:00,109.34
2019-01-09 22:15:00,77.55
2019-01-09 22:30:00,69.33
2019-01-09 22:45:00,62.15
2019-01-09 23:00:00,57.86
2019-01-09 23:15:00,56.81
2019-01-09 23:30:00,54.35
2019-01-09 23:45:00,52.93
2019-01-10 00:00:00,53.39
2019-01-10 00:15:00,53.74
2019-01-10 00:30:00,53.48
2019-01-10 00:45:00,53.41
2019-01-10 01:00:00,53.88
2019-01-10 01:15:00,54.17
2019-01-10 01:30:00,53.98
2019-01-10 01:45:00,54.1
2019-01-10 02:00:00,54.09
2019-01-10 02:15:00,53.95
2019-01-10 02:30:00,54.2
2019-01-10 02:45:00,53.99
2019-01-10 03:00:00,53.8
2019-01-10 03:15:00,54.27
2019-01-10 03:30:00,60.71
2019-01-10 03:45:00,65.0
2019-01-10 04:00:00,65.93
2019-01-10 04:15:00,68.22
2019-01-10 04:30:00,69.94
2019-01-10 04:45:00,69.87
2019-01-10 05:00:00,78.17
2019-01-10 05:15:00,89.13
2019-01-10 05:30:00,105.89
2019-01-10 05:45:00,159.91
2019-01-10 06:00:00,178.18
2019-01-10 06:15:00,169.97
2019-01-10 06:30:00,166.66
2019-01-10 06:45:00,184.43
2019-01-10 07:00:00,204.64
2019-01-10 07:15:00,218.27
2019-01-10 07:30:00,228.78
2019-01-10 07:45:00,233.93
2019-01-10 08:00:00,241.26
2019-01-10 08:15:00,248.76
2019-01-10 08:30:00,259.52
2019-01-10 08:45:00,269.86
2019-01-10 09:00:00,276.55
2019-01-10 09:15:00,278.68
2019-01-10 09:30:00,279.2
2019-01-10 09:45:00,280.49
2019-01-10 10:00:00,284.6
2019-01-10 10:15:00,279.84
2019-01-10 10:30:00,276.88
2019-01-10 10:45:00,279.71
2019-01-10 11:00:00,285.47
2019-01-10 11:15:00,277.56
2019-01-10 11:30:00,276.03
2019-01-10 11:45:00,278.13
2019-01-10 12:00:00,281.54
2019-01-10 12:15:00,282.36
2019-01-10 12:30:00,280.99
2019-01-10 12:45:00,271.87
2019-01-10 13:00:00,270.33
2019-01-10 13:15:00,273.11
2019-01-10 13:30:00,272.19
2019-01-10 13:45:00,270.65
2019-01-10 14:00:00,274.07
2019-01-10 14:15:00,270.42
2019-01-10 14:30:00,265.49
2019-01-10 14:45:00,266.59
2019-01-10 15:00:00,267.94
2019-01-10 15:15:00,263.32
2019-01-10 15:30:00,262.26
2019-01-10 15:45:00,264.68
2019-01-10 16:00:00,264.62
2019-01-10 16:15:00,263.44
2019-01-10 16:30:00,259.64
2019-01-10 16:45:00,255.29
2019-01-10 17:00:00,252.34
2019-01-10 17:15:00,248.64
2019-01-10 17:30:00,230.88
2019-01-10 17:45:00,203.91
2019-01-10 18:00:00,176.06
2019-01-10 18:15:00,161.12
2019-01-10 18:30:00,153.39
2019-01-10 18:45:00,149.52
2019-01-10 19:00:00,168.16
2019-01-10 19:15:00,198.11
2019-01-10 19:30:00,166.69
2019-01-10 19:45:00,147.73
2019-01-10 20:00:00,148.01
2019-01-10 20:15:00,143.23
2019-01-10 20:30:00,141.38
2019-01-10 20:45:00,166.32
2019-01-10 21:00:00,182.33
2019-01-10 21:15:00,150.71
2019-01-10 21:30:00,131.15
2019-01-10 21:45:00,113.48
2019-01-10 22:00:00,87.3
2019-01-10 22:15:00,72.74
2019-01-10 22:30:00,68.57
2019-01-10 22:45:00,68.04
2019-01-10 23:00:00,66.08
2019-01-10 23:15:00,57.3
2019-01-10 23:30:00,52.8
2019-01-10 23:45:00,52.67
2019-01-11 00:00:00,53.39
2019-01-11 00:15:00,54.01
2019-01-11 00:30:00,53.68
2019-01-11 00:45:00,53.37
2019-01-11 01:00:00,53.18
2019-01-11 01:15:00,53.33
2019-01-11 01:30:00,53.82
2019-01-11 01:45:00,53.86
2019-01-11 02:00:00,53.39
2019-01-11 02:15:00,52.83
2019-01-11 02:30:00,53.54
2019-01-11 02:45:00,53.76
2019-01-11 03:00:00,53.24
2019-01-11 03:15:00,52.99
2019-01-11 03:30:00,56.11
2019-01-11 03:45:00,61.65
2019-01-11 04:00:00,64.12
2019-01-11 04:15:00,63.72
2019-01-11 04:30:00,64.99
2019-01-11 04:45:00,67.16
2019-01-11 05:00:00,70.31
2019-01-11 05:15:00,78.37
2019-01-11 05:30:00,93.45
2019-01-11 05:45:00,159.88
2019-01-11 06:00:00,171.92
2019-01-11 06:15:00,151.91
2019-01-11 06:30:00,161.41
2019-01-11 06:45:00,194.94
2019-01-11 07:00:00,211.12
2019-01-11 07:15:00,212.4
2019-01-11 07:30:00,222.62
2019-01-11 07:45:00,229.63
2019-01-11 08:00:00,232.02
2019-01-11 08:15:00,247.14
2019-01-11 08:30:00,256.96
2019-01-11 08:45:00,268.67
2019-01-11 09:00:00,280.36
2019-01-11 09:15:00,283.89
2019-01-11 09:30:00,287.51
2019-01-11 09:45:00,288.04
2019-01-11 10:00:00,286.05
2019-01-11 10:15:00,289.63
2019-01-11 10:30:00,287.19
2019-01-11 10:45:00,280.42
2019-01-11 11:00:00,281.38
2019-01-11 11:15:00,282.68
2019-01-11 11:30:00,275.42
2019-01-11 11:45:00,273.39
2019-01-11 12:00:00,282.5
2019-01-11 12:15:00,287.21
2019-01-11 12:30:00,285.73
2019-01-11 12:45:00,274.93
2019-01-11 13:00:00,270.54
2019-01-11 13:15:00,269.25
2019-01-11 13:30:00,269.93
2019-01-11 13:45:00,272.24
2019-01-11 14:00:00,272.66
2019-01-11 14:15:00,267.8
2019-01-11 14:30:00,262.91
2019-01-11 14:45:00,261.93
2019-01-11 15:00:00,263.69
2019-01-11 15:15:00,267.18
2019-01-11 15:30:00,267.6
2019-01-11 15:45:00,262.58
2019-01-11 16:00:00,257.27
2019-01-11 16:15:00,252.62
2019-01-11 16:30:00,247.78
2019-01-11 16:45:00,246.6
2019-01-11 17:00:00,241.74
2019-01-11 17:15:00,236.71
2019-01-11 17:30:00,214.06
2019-01-11 17:45:00,184.44
2019-01-11 18:00:00,160.84
2019-01-11 18:15:00,148.52
2019-01-11 18:30:00,147.66
2019-01-11 18:45:00,144.1
2019-01-11 19:00:00,165.98
2019-01-11 19:15:00,177.64
2019-01-11 19:30:00,138.36
2019-01-11 19:45:00,118.61
2019-01-11 20:00:00,117.91
2019-01-11 20:15:00,117.17
2019-01-11 20:30:00,116.57
2019-01-11 20:45:00,115.6
2019-01-11 21:00:00,140.04
2019-01-11 21:15:00,150.53
2019-01-11 21:30:00,122.84
2019-01-11 21:45:00,108.27
2019-01-11 22:00:00,89.22
2019-01-11 22:15:00,63.66
2019-01-11 22:30:00,54.26
2019-01-11 22:45:00,54.26
2019-01-11 23:00:00,52.08
2019-01-11 23:15:00,49.25
2019-01-11 23:30:00,48.15
2019-01-11 23:45:00,48.47
2019-01-12 00:00:00,49.21
2019-01-12 00:15:00,49.71
2019-01-12 00:30:00,48.72
2019-01-12 00:45:00,48.17
2019-01-12 01:00:00,48.22
2019-01-12 01:15:00,48.52
2019-01-12 01:30:00,48.25
2019-01-12 01:45:00,48.48
2019-01-12 02:00:00,48.2
2019-01-12 02:15:00,48.51
2019-01-12 02:30:00,48.71
2019-01-12 02:45:00,48.86
2019-01-12 03:00:00,48.7
2019-01-12 03:15:00,49.33
2019-01-12 03:30:00,48.73
2019-01-12 03:45:00,48.85
2019-01-12 04:00:00,48.65
2019-01-12 04:15:00,49.59
2019-01-12 04:30:00,50.19
2019-01-12 04:45:00,49.26
2019-01-12 05:00:00,48.75
2019-01-12 05:15:00,48.07
2019-01-12 05:30:00,49.0
2019-01-12 05:45:00,49.4
2019-01-12 06:00:00,48.58
2019-01-12 06:15:00,48.35
2019-01-12 06:30:00,50.86
2019-01-12 06:45:00,53.66
2019-01-12 07:00:00,54.58
2019-01-12 07:15:00,53.41
2019-01-12 07:30:00,53.48
2019-01-12 07:45:00,54.24
2019-01-12 08:00:00,53.22
2019-01-12 08:15:00,52.66
2019-01-12 08:30:00,53.8
2019-01-12 08:45:00,54.02
2019-01-12 09:00:00,53.33
2019-01-12 09:15:00,53.31
2019-01-12 09:30:00,53.63
2019-01-12 09:45:00,53.19
2019-01-12 10:00:00,53.25
2019-01-12 10:15:00,53.73
2019-01-12 10:30:00,53.86
2019-01-12 10:45:00,53.39
2019-01-12 11:00:00,52.94
2019-01-12 11:15:00,54.11
2019-01-12 11:30:00,55.03
2019-01-12 11:45:00,54.08
2019-01-12 12:00:00,52.64
2019-01-12 12:15:00,53.29
2019-01-12 12:30:00,54.22
2019-01-12 12:45:00,53.67
2019-01-12 13:00:00,54.39
2019-01-12 13:15:00,54.13
2019-01-12 13:30:00,53.45
2019-01-12 13:45:00,52.97
2019-01-12 14:00:00,53.23
2019-01-12 14:15:00,53.55
2019-01-12 14:30:00,53.43
2019-01-12 14:45:00,52.5
2019-01-12 15:00:00,53.5
2019-01-12 15:15:00,54.47
2019-01-12 15:30:00,54.41
2019-01-12 15:45:00,53.6
2019-01-12 16:00:00,53.18
2019-01-12 16:15:00,53.82
2019-01-12 16:30:00,53.79
2019-01-12 16:45:00,53.49
2019-01-12 17:00:00,53.14
2019-01-12 17:15:00,53.68
2019-01-12 17:30:00,54.12
2019-01-12 17:45:00,53.02
2019-01-12 18:00:00,52.98
2019-01-12 18:15:00,54.24
2019-01-12 18:30:00,54.34
2019-01-12 18:45:00,53.15
2019-01-12 19:00:00,52.54
2019-01-12 19:15:00,53.63
2019-01-12 19:30:00,54.92
2019-01-12 19:45:00,51.46
2019-01-12 20:00:00,48.3
2019-01-12 20:15:00,49.29
2019-01-12 20:30:00,49.59
2019-01-12 20:45:00,49.2
2019-01-12 21:00:00,49.05
2019-01-12 21:15:00,49.02
2019-01-12 21:30:00,49.5
2019-01-12 21:45:00,49.43
2019-01-12 22:00:00,48.45
2019-01-12 22:15:00,48.69
2019-01-12 22:30:00,49.87
2019-01-12 22:45:00,49.57
2019-01-12 23:00:00,48.76
2019-01-12 23:15:00,48.61
2019-01-12 23:30:00,49.36
2019-01-12 23:45:00,49.35
2019-01-13 00:00:00,49.34
2019-01-13 00:15:00,48.99
2019-01-13 00:30:00,49.24
2019-01-13 00:45:00,49.89
2019-01-13 01:00:00,49.85
2019-01-13 01:15:00,48.44
2019-01-13 01:30:00,48.85
2019-01-13 01:45:00,49.56
2019-01-13 02:00:00,49.52
2019-01-13 02:15:00,49.25
2019-01-13 02:30:00,48.83
2019-01-13 02:45:00,50.44
2019-01-13 03:00:00,50.57
2019-01-13 03:15:00,49.57
2019-01-13 03:30:00,48.69
2019-01-13 03:45:00,48.48
2019-01-13 04:00:00,49.32
2019-01-13 04:15:00,49.71
2019-01-13 04:30:00,48.65
2019-01-13 04:45:00,49.41
2019-01-13 05:00:00,49.53
2019-01-13 05:15:00,48.97
2019-01-13 05:30:00,48.64
2019-01-13 05:45:00,48.41
2019-01-13 06:00:00,49.21
2019-01-13 06:15:00,49.42
2019-01-13 06:30:00,50.22
2019-01-13 06:45:00,52.81
2019-01-13 07:00:00,54.47
2019-01-13 07:15:00,53.78
2019-01-13 07:30:00,53.12
2019-01-13 07:45:00,53.45
2019-01-13 08:00:00,53.95
2019-01-13 08:15:00,54.51
2019-01-13 08:30:00,53.46
2019-01-13 08:45:00,53.0
2019-01-13 09:00:00,53.14
2019-01-13 09:15:00,53.76
2019-01-13 09:30:00,54.19
2019-01-13 09:45:00,53.42
2019-01-13 10:00:00,52.9
2019-01-13 10:15:00,53.27
2019-01-13 10:30:00,52.64
2019-01-13 10:45:00,53.8
2019-01-13 11:00:00,54.95
2019-01-13 11:15:00,53.28
2019-01-13 11:30:00,53.34
2019-01-13 11:45:00,53.6
2019-01-13 12:00:00,52.75
2019-01-13 12:15:00,53.18
2019-01-13 12:30:00,53.48
2019-01-13 12:45:00,52.99
2019-01-13 13:00:00,53.27
2019-01-13 13:15:00,53.63
2019-01-13 13:30:00,53.19
2019-01-13 13:45:00,53.25
2019-01-13 14:00:00,54.28
2019-01-13 14:15:00,53.89
2019-01-13 14:30:00,53.19
2019-01-13 14:45:00,54.08
2019-01-13 15:00:00,53.65
2019-01-13 15:15:00,52.44
2019-01-13 15:30:00,53.3
2019-01-13 15:45:00,54.08
2019-01-13 16:00:00,53.0
2019-01-13 16:15:00,53.06
2019-01-13 16:30:00,53.05
2019-01-13 16:45:00,53.58
2019-01-13 17:00:00,53.92
2019-01-13 17:15:00,53.65
2019-01-13 17:30:00,53.01
2019-01-13 17:45:00,54.75
2019-01-13 18:00:00,71.03
2019-01-13 18:15:00,92.43
2019-01-13 18:30:00,91.24
2019-01-13 18:45:00,71.8
2019-01-13 19:00:00,64.25
2019-01-13 19:15:00,63.79
2019-01-13 19:30:00,63.87
2019-01-13 19:45:00,61.97
2019-01-13 20:00:00,60.16
2019-01-13 20:15:00,65.09
2019-01-13 20:30:00,100.42
2019-01-13 20:45:00,82.73
2019-01-13 21:00:00,61.66
2019-01-13 21:15:00,59.56
2019-01-13 21:30:00,58.99
2019-01-13 21:45:00,59.26
2019-01-13 22:00:00,58.97
2019-01-13 22:15:00,59.08
2019-01-13 22:30:00,87.72
2019-01-13 22:45:00,91.85
2019-01-13 23:00:00,68.87
2019-01-13 23:15:00,59.53
2019-01-13 23:30:00,59.54
2019-01-13 23:45:00,60.01
2019-01-14 00:00:00,61.9
2019-01-14 00:15:00,75.43
2019-01-14 00:30:00,126.33
2019-01-14 00:45:00,106.3
2019-01-14 01:00:00,70.88
2019-01-14 01:15:00,63.52
2019-01-14 01:30:00,63.64
2019-01-14 01:45:00,100.75
2019-01-14 02:00:00,127.0
2019-01-14 02:15:00,90.89
2019-01-14 02:30:00,66.73
2019-01-14 02:45:00,71.27
2019-01-14 03:00:00,78.78
2019-01-14 03:15:00,147.41
2019-01-14 03:30:00,170.48
2019-01-14 03:45:00,121.57
2019-01-14 04:00:00,88.3
2019-01-14 04:15:00,82.27
2019-01-14 04:30:00,85.22
2019-01-14 04:45:00,154.89
2019-01-14 05:00:00,162.11
2019-01-14 05:15:00,121.52
2019-01-14 05:30:00,100.83
2019-01-14 05:45:00,95.7
2019-01-14 06:00:00,101.68
2019-01-14 06:15:00,175.07
2019-01-14 06:30:00,196.03
2019-01-14 06:45:00,170.2
2019-01-14 07:00:00,152.92
2019-01-14 07:15:00,158.82
2019-01-14 07:30:00,186.49
2019-01-14 07:45:00,271.57
2019-01-14 08:00:00,273.71
2019-01-14 08:15:00,238.9
2019-01-14 08:30:00,226.47
2019-01-14 08:45:00,230.69
2019-01-14 09:00:00,259.15
2019-01-14 09:15:00,340.23
2019-01-14 09:30:00,323.39
2019-01-14 09:45:00,280.2
2019-01-14 10:00:00,280.9
2019-01-14 10:15:00,285.4
2019-01-14 10:30:00,292.05
2019-01-14 10:45:00,294.16
2019-01-14 11:00:00,294.34
2019-01-14 11:15:00,291.89
2019-01-14 11:30:00,289.45
2019-01-14 11:45:00,282.89
2019-01-14 12:00:00,289.2
2019-01-14 12:15:00,287.42
2019-01-14 12:30:00,284.43
2019-01-14 12:45:00,284.65
2019-01-14 13:00:00,280.98
2019-01-14 13:15:00,273.89
2019-01-14 13:30:00,272.16
2019-01-14 13:45:00,275.46
2019-01-14 14:00:00,275.31
2019-01-14 14:15:00,272.36
2019-01-14 14:30:00,269.61
2019-01-14 14:45:00,271.48
2019-01-14 15:00:00,277.42
2019-01-14 15:15:00,277.41
2019-01-14 15:30:00,269.53
2019-01-14 15:45:00,264.34
2019-01-14 16:00:00,260.05
2019-01-14 16:15:00,262.34
2019-01-14 16:30:00,256.71
2019-01-14 16:45:00,254.67
2019-01-14 17:00:00,258.05
2019-01-14 17:15:00,256.52
2019-01-14 17:30:00,241.38
2019-01-14 17:45:00,213.55
2019-01-14 18:00:00,183.82
2019-01-14 18:15:00,169.39
2019-01-14 18:30:00,160.69
2019-01-14 18:45:00,153.86
2019-01-14 19:00:00,193.33
2019-01-14 19:15:00,187.24
2019-01-14 19:30:00,155.7
2019-01-14 19:45:00,144.53
2019-01-14 20:00:00,141.35
2019-01-14 20:15:00,140.48
2019-01-14 20:30:00,138.89
2019-01-14 20:45:00,152.16
2019-01-14 21:00:00,182.7
2019-01-14 21:15:00,153.6
2019-01-14 21:30:00,131.15
2019-01-14 21:45:00,129.21
2019-01-14 22:00:00,103.62
2019-01-14 22:15:00,78.17
2019-01-14 22:30:00,71.09
2019-01-14 22:45:00,70.06
2019-01-14 23:00:00,69.82
2019-01-14 23:15:00,70.02
2019-01-14 23:30:00,61.47
2019-01-14 23:45:00,55.27
2019-01-15 00:00:00,54.54
2019-01-15 00:15:00,54.82
2019-01-15 00:30:00,54.91
2019-01-15 00:45:00,55.0
2019-01-15 01:00:00,55.07
2019-01-15 01:15:00,54.91
2019-01-15 01:30:00,54.66
2019-01-15 01:45:00,53.88
2019-01-15 02:00:00,54.74
2019-01-15 02:15:00,55.79
2019-01-15 02:30:00,54.88
2019-01-15 02:45:00,54.4
2019-01-15 03:00:00,55.0
2019-01-15 03:15:00,56.21
2019-01-15 03:30:00,59.69
2019-01-15 03:45:00,64.37
2019-01-15 04:00:00,65.5
2019-01-15 04:15:00,65.86
2019-01-15 04:30:00,68.28
2019-01-15 04:45:00,70.01
2019-01-15 05:00:00,70.07
2019-01-15 05:15:00,72.13
2019-01-15 05:30:00,95.49
2019-01-15 05:45:00,147.89
2019-01-15 06:00:00,162.35
2019-01-15 06:15:00,149.55
2019-01-15 06:30:00,159.08
2019-01-15 06:45:00,187.77
2019-01-15 07:00:00,205.31
2019-01-15 07:15:00,219.19
2019-01-15 07:30:00,233.12
2019-01-15 07:45:00,239.54
2019-01-15 08:00:00,246.52
2019-01-15 08:15:00,265.06
2019-01-15 08:30:00,279.51
2019-01-15 08:45:00,288.0
2019-01-15 09:00:00,297.83
2019-01-15 09:15:00,294.19
2019-01-15 09:30:00,289.18
2019-01-15 09:45:00,288.63
2019-01-15 10:00:00,290.67
2019-01-15 10:15:00,284.48
2019-01-15 10:30:00,282.41
2019-01-15 10:45:00,286.96
2019-01-15 11:00:00,283.89
2019-01-15 11:15:00,286.48
2019-01-15 11:30:00,279.65
2019-01-15 11:45:00,277.07
2019-01-15 12:00:00,281.54
2019-01-15 12:15:00,276.39
2019-01-15 12:30:00,273.45
2019-01-15 12:45:00,273.89
2019-01-15 13:00:00,275.28
2019-01-15 13:15:00,274.85
2019-01-15 13:30:00,278.44
2019-01-15 13:45:00,277.78
2019-01-15 14:00:00,275.04
2019-01-15 14:15:00,271.71
2019-01-15 14:30:00,273.13
2019-01-15 14:45:00,272.54
2019-01-15 15:00:00,270.46
2019-01-15 15:15:00,266.62
2019-01-15 15:30:00,265.52
2019-01-15 15:45:00,264.26
2019-01-15 16:00:00,262.23
2019-01-15 16:15:00,265.27
2019-01-15 16:30:00,264.89
2019-01-15 16:45:00,260.06
2019-01-15 17:00:00,254.59
2019-01-15 17:15:00,248.06
2019-01-15 17:30:00,235.34
2019-01-15 17:45:00,206.4
2019-01-15 18:00:00,177.32
2019-01-15 18:15:00,165.16
2019-01-15 18:30:00,160.3
2019-01-15 18:45:00,155.58
2019-01-15 19:00:00,157.81
2019-01-15 19:15:00,197.99
2019-01-15 19:30:00,179.1
2019-01-15 19:45:00,153.69
2019-01-15 20:00:00,147.25
2019-01-15 20:15:00,143.86
2019-01-15 20:30:00,142.62
2019-01-15 20:45:00,139.37
2019-01-15 21:00:00,146.6
2019-01-15 21:15:00,177.91
2019-01-15 21:30:00,151.44
2019-01-15 21:45:00,129.4
2019-01-15 22:00:00,114.2
2019-01-15 22:15:00,84.11
2019-01-15 22:30:00,65.03
2019-01-15 22:45:00,61.82
2019-01-15 23:00:00,61.91
2019-01-15 23:15:00,61.8
2019-01-15 23:30:00,54.96
2019-01-15 23:45:00,49.22
2019-01-16 00:00:00,47.83
2019-01-16 00:15:00,47.83
2019-01-16 00:30:00,47.53
2019-01-16 00:45:00,47.28
2019-01-16 01:00:00,47.54
2019-01-16 01:15:00,47.77
2019-01-16 01:30:00,47.73
2019-01-16 01:45:00,47.43
2019-01-16 02:00:00,48.01
2019-01-16 02:15:00,47.83
2019-01-16 02:30:00,48.24
2019-01-16 02:45:00,48.22
2019-01-16 03:00:00,47.83
2019-01-16 03:15:00,47.79
2019-01-16 03:30:00,52.27
2019-01-16 03:45:00,55.94
2019-01-16 04:00:00,56.53
2019-01-16 04:15:00,59.3
2019-01-16 04:30:00,60.15
2019-01-16 04:45:00,59.84
2019-01-16 05:00:00,60.78
2019-01-16 05:15:00,65.23
2019-01-16 05:30:00,84.81
2019-01-16 05:45:00,108.48
2019-01-16 06:00:00,113.18
2019-01-16 06:15:00,130.2
2019-01-16 06:30:00,160.25
2019-01-16 06:45:00,178.21
2019-01-16 07:00:00,182.68
2019-01-16 07:15:00,197.29
2019-01-16 07:30:00,211.97
2019-01-16 07:45:00,221.06
2019-01-16 08:00:00,237.28
2019-01-16 08:15:00,247.51
2019-01-16 08:30:00,257.38
2019-01-16 08:45:00,263.73
2019-01-16 09:00:00,267.21
2019-01-16 09:15:00,265.87
2019-01-16 09:30:00,265.33
2019-01-16 09:45:00,266.77
2019-01-16 10:00:00,272.99
2019-01-16 10:15:00,281.03
2019-01-16 10:30:00,279.67
2019-01-16 10:45:00,278.6
2019-01-16 11:00:00,279.47
2019-01-16 11:15:00,275.09
2019-01-16 11:30:00,267.29
2019-01-16 11:45:00,261.99
2019-01-16 12:00:00,270.26
2019-01-16 12:15:00,272.01
2019-01-16 12:30:00,269.64
2019-01-16 12:45:00,269.76
2019-01-16 13:00:00,269.83
2019-01-16 13:15:00,270.84
2019-01-16 13:30:00,267.72
2019-01-16 13:45:00,269.99
2019-01-16 14:00:00,268.55
2019-01-16 14:15:00,267.67
2019-01-16 14:30:00,267.41
2019-01-16 14:45:00,265.42
2019-01-16 15:00:00,259.75
2019-01-16 15:15:00,257.4
2019-01-16 15:30:00,257.85
2019-01-16 15:45:00,262.24
2019-01-16 16:00:00,264.86
2019-01-16 16:15:00,265.52
2019-01-16 16:30:00,256.76
2019-01-16 16:45:00,256.2
2019-01-16 17:00:00,254.88
2019-01-16 17:15:00,251.84
2019-01-16 17:30:00,233.25
2019-01-16 17:45:00,200.3
2019-01-16 18:00:00,169.2
2019-01-16 18:15:00,152.7
2019-01-16 18:30:00,147.94
2019-01-16 18:45:00,149.29
2019-01-16 19:00:00,154.24
2019-01-16 19:15:00,189.65
2019-01-16 19:30:00,169.24
2019-01-16 19:45:00,141.26
2019-01-16 20:00:00,135.34
2019-01-16 20:15:00,133.66
2019-01-16 20:30:00,132.04
2019-01-16 20:45:00,130.27
2019-01-16 21:00:00,140.18
2019-01-16 21:15:00,169.49
2019-01-16 21:30:00,144.67
2019-01-16 21:45:00,124.51
2019-01-16 22:00:00,99.75
2019-01-16 22:15:00,68.94
2019-01-16 22:30:00,58.33
2019-01-16 22:45:00,57.66
2019-01-16 23:00:00,57.83
2019-01-16 23:15:00,56.9
2019-01-16 23:30:00,53.45
2019-01-16 23:45:00,52.48
2019-01-17 00:00:00,51.89
2019-01-17 00:15:00,51.55
2019-01-17 00:30:00,51.4
2019-01-17 00:45:00,51.56
2019-01-17 01:00:00,52.21
2019-01-17 01:15:00,51.71
2019-01-17 01:30:00,51.53
2019-01-17 01:45:00,51.45
2019-01-17 02:00:00,51.95
2019-01-17 02:15:00,52.71
2019-01-17 02:30:00,53.95
2019-01-17 02:45:00,NaN
2019-01-17 03:00:00,55.03
2019-01-17 03:15:00,57.02
2019-01-17 03:30:00,63.26
2019-01-17 03:45:00,65.94
2019-01-17 04:00:00,64.57
2019-01-17 04:15:00,63.54
2019-01-17 04:30:00,63.11
2019-01-17 04:45:00,63.3
2019-01-17 05:00:00,66.8
2019-01-17 05:15:00,69.58
2019-01-17 05:30:00,86.64
2019-01-17 05:45:00,136.96
2019-01-17 06:00:00,159.44
2019-01-17 06:15:00,154.16
2019-01-17 06:30:00,165.78
2019-01-17 06:45:00,185.9
2019-01-17 07:00:00,200.97
2019-01-17 07:15:00,207.28
2019-01-17 07:30:00,230.33
2019-01-17 07:45:00,248.25
2019-01-17 08:00:00,252.78
2019-01-17 08:15:00,260.82
2019-01-17 08:30:00,266.0
2019-01-17 08:45:00,273.47
2019-01-17 09:00:00,282.97
2019-01-17 09:15:00,291.7
2019-01-17 09:30:00,290.98
2019-01-17 09:45:00,285.72
2019-01-17 10:00:00,292.32
2019-01-17 10:15:00,293.18
2019-01-17 10:30:00,288.14
2019-01-17 10:45:00,288.54
2019-01-17 11:00:00,289.78
2019-01-17 11:15:00,292.53
2019-01-17 11:30:00,292.73
2019-01-17 11:45:00,288.15
2019-01-17 12:00:00,292.68
2019-01-17 12:15:00,293.36
2019-01-17 12:30:00,289.98
2019-01-17 12:45:00,285.88
2019-01-17 13:00:00,286.59
2019-01-17 13:15:00,283.19
2019-01-17 13:30:00,279.27
2019-01-17 13:45:00,277.59
2019-01-17 14:00:00,277.5
2019-01-17 14:15:00,277.68
2019-01-17 14:30:00,275.27
2019-01-17 14:45:00,270.4
2019-01-17 15:00:00,272.02
2019-01-17 15:15:00,274.64
2019-01-17 15:30:00,278.38
2019-01-17 15:45:00,276.05
2019-01-17 16:00:00,277.2
2019-01-17 16:15:00,276.6
2019-01-17 16:30:00,270.38
2019-01-17 16:45:00,265.95
2019-01-17 17:00:00,265.62
2019-01-17 17:15:00,264.69
2019-01-17 17:30:00,251.79
2019-01-17 17:45:00,227.1
2019-01-17 18:00:00,195.35
2019-01-17 18:15:00,177.11
2019-01-17 18:30:00,164.38
2019-01-17 18:45:00,152.05
2019-01-17 19:00:00,149.23
2019-01-17 19:15:00,187.83
2019-01-17 19:30:00,175.15
2019-01-17 19:45:00,144.8
2019-01-17 20:00:00,136.06
2019-01-17 20:15:00,131.49
2019-01-17 20:30:00,127.87
2019-01-17 20:45:00,125.92
2019-01-17 21:00:00,128.31
2019-01-17 21:15:00,165.9
2019-01-17 21:30:00,146.98
2019-01-17 21:45:00,123.4
2019-01-17 22:00:00,97.51
2019-01-17 22:15:00,67.42
2019-01-17 22:30:00,57.15
2019-01-17 22:45:00,55.41
2019-01-17 23:00:00,53.88
2019-01-17 23:15:00,51.7
2019-01-17 23:30:00,50.87
2019-01-17 23:45:00,50.4
2019-01-18 00:00:00,50.36
2019-01-18 00:15:00,50.45
2019-01-18 00:30:00,49.99
2019-01-18 00:45:00,50.43
2019-01-18 01:00:00,50.4
2019-01-18 01:15:00,50.12
2019-01-18 01:30:00,49.62
2019-01-18 01:45:00,50.03
2019-01-18 02:00:00,50.49
2019-01-18 02:15:00,50.81
2019-01-18 02:30:00,50.93
2019-01-18 02:45:00,50.49
2019-01-18 03:00:00,51.15
2019-01-18 03:15:00,54.3
2019-01-18 03:30:00,59.24
2019-01-18 03:45:00,62.08
2019-01-18 04:00:00,66.35
2019-01-18 04:15:00,67.27
2019-01-18 04:30:00,66.44
2019-01-18 04:45:00,69.52
2019-01-18 05:00:00,76.84
2019-01-18 05:15:00,81.79
2019-01-18 05:30:00,99.35
2019-01-18 05:45:00,168.38
2019-01-18 06:00:00,169.54
2019-01-18 06:15:00,147.56
2019-01-18 06:30:00,158.41
2019-01-18 06:45:00,189.02
2019-01-18 07:00:00,205.22
2019-01-18 07:15:00,214.43
2019-01-18 07:30:00,220.53
2019-01-18 07:45:00,232.88
2019-01-18 08:00:00,235.11
2019-01-18 08:15:00,246.49
2019-01-18 08:30:00,261.0
2019-01-18 08:45:00,275.28
2019-01-18 09:00:00,285.41
2019-01-18 09:15:00,288.59
2019-01-18 09:30:00,288.03
2019-01-18 09:45:00,284.61
2019-01-18 10:00:00,281.98
2019-01-18 10:15:00,286.25
2019-01-18 10:30:00,280.19
2019-01-18 10:45:00,278.57
2019-01-18 11:00:00,285.88
2019-01-18 11:15:00,286.93
2019-01-18 11:30:00,285.18
2019-01-18 11:45:00,280.37
2019-01-18 12:00:00,286.97
2019-01-18 12:15:00,285.8
2019-01-18 12:30:00,280.33
2019-01-18 12:45:00,279.63
2019-01-18 13:00:00,282.26
2019-01-18 13:15:00,282.26
2019-01-18 13:30:00,279.38
2019-01-18 13:45:00,280.9
2019-01-18 14:00:00,284.5
2019-01-18 14:15:00,281.35
2019-01-18 14:30:00,275.32
2019-01-18 14:45:00,273.27
2019-01-18 15:00:00,276.85
2019-01-18 15:15:00,274.54
2019-01-18 15:30:00,269.81
2019-01-18 15:45:00,269.52
2019-01-18 16:00:00,271.54
2019-01-18 16:15:00,265.39
2019-01-18 16:30:00,259.49
2019-01-18 16:45:00,256.16
2019-01-18 17:00:00,252.82
2019-01-18 17:15:00,249.57
2019-01-18 17:30:00,233.89
2019-01-18 17:45:00,206.87
2019-01-18 18:00:00,191.28
2019-01-18 18:15:00,176.59
2019-01-18 18:30:00,160.67
2019-01-18 18:45:00,153.04
2019-01-18 19:00:00,149.25
2019-01-18 19:15:00,171.29
2019-01-18 19:30:00,181.43
2019-01-18 19:45:00,149.75
2019-01-18 20:00:00,141.39
2019-01-18 20:15:00,143.74
2019-01-18 20:30:00,135.25
2019-01-18 20:45:00,131.28
2019-01-18 21:00:00,127.31
2019-01-18 21:15:00,128.75
2019-01-18 21:30:00,170.16
2019-01-18 21:45:00,149.37
2019-01-18 22:00:00,95.38
2019-01-18 22:15:00,72.09
2019-01-18 22:30:00,67.23
2019-01-18 22:45:00,66.55
2019-01-18 23:00:00,67.38
2019-01-18 23:15:00,58.25
2019-01-18 23:30:00,52.85
2019-01-18 23:45:00,51.85
2019-01-19 00:00:00,51.67
2019-01-19 00:15:00,51.73
2019-01-19 00:30:00,51.65
2019-01-19 00:45:00,51.83
2019-01-19 01:00:00,51.66
2019-01-19 01:15:00,51.77
2019-01-19 01:30:00,51.41
2019-01-19 01:45:00,51.3
2019-01-19 02:00:00,52.27
2019-01-19 02:15:00,52.06
2019-01-19 02:30:00,51.63
2019-01-19 02:45:00,51.32
2019-01-19 03:00:00,52.03
2019-01-19 03:15:00,52.31
2019-01-19 03:30:00,52.3
2019-01-19 03:45:00,51.96
2019-01-19 04:00:00,51.39
2019-01-19 04:15:00,50.93
2019-01-19 04:30:00,51.15
2019-01-19 04:45:00,51.21
2019-01-19 05:00:00,51.05
2019-01-19 05:15:00,51.53
2019-01-19 05:30:00,51.14
2019-01-19 05:45:00,51.21
2019-01-19 06:00:00,51.09
2019-01-19 06:15:00,50.88
2019-01-19 06:30:00,52.85
2019-01-19 06:45:00,54.87
2019-01-19 07:00:00,56.44
2019-01-19 07:15:00,55.82
2019-01-19 07:30:00,55.41
2019-01-19 07:45:00,55.44
2019-01-19 08:00:00,55.69
2019-01-19 08:15:00,55.98
2019-01-19 08:30:00,55.6
2019-01-19 08:45:00,55.44
2019-01-19 09:00:00,55.77
2019-01-19 09:15:00,55.75
2019-01-19 09:30:00,55.42
2019-01-19 09:45:00,54.59
2019-01-19 10:00:00,54.94
2019-01-19 10:15:00,54.92
2019-01-19 10:30:00,55.25
2019-01-19 10:45:00,55.34
2019-01-19 11:00:00,55.23
2019-01-19 11:15:00,55.87
2019-01-19 11:30:00,55.83
2019-01-19 11:45:00,54.91
2019-01-19 12:00:00,55.51
2019-01-19 12:15:00,55.67
2019-01-19 12:30:00,55.38
2019-01-19 12:45:00,55.54
2019-01-19 13:00:00,55.41
2019-01-19 13:15:00,54.74
2019-01-19 13:30:00,54.72
2019-01-19 13:45:00,55.16
2019-01-19 14:00:00,54.84
2019-01-19 14:15:00,55.42
2019-01-19 14:30:00,54.95
2019-01-19 14:45:00,54.78
2019-01-19 15:00:00,54.82
2019-01-19 15:15:00,54.83
2019-01-19 15:30:00,55.43
2019-01-19 15:45:00,56.34
2019-01-19 16:00:00,55.94
2019-01-19 16:15:00,55.45
2019-01-19 16:30:00,55.26
2019-01-19 16:45:00,55.21
2019-01-19 17:00:00,55.51
2019-01-19 17:15:00,55.61
2019-01-19 17:30:00,56.21
2019-01-19 17:45:00,55.62
2019-01-19 18:00:00,55.42
2019-01-19 18:15:00,55.97
2019-01-19 18:30:00,55.67
2019-01-19 18:45:00,55.88
2019-01-19 19:00:00,55.81
2019-01-19 19:15:00,55.24
2019-01-19 19:30:00,55.62
2019-01-19 19:45:00,53.99
2019-01-19 20:00:00,51.57
2019-01-19 20:15:00,51.06
2019-01-19 20:30:00,51.29
2019-01-19 20:45:00,51.34
2019-01-19 21:00:00,51.36
2019-01-19 21:15:00,51.13
2019-01-19 21:30:00,51.07
2019-01-19 21:45:00,51.06
2019-01-19 22:00:00,51.21
2019-01-19 22:15:00,50.93
2019-01-19 22:30:00,51.14
2019-01-19 22:45:00,50.91
2019-01-19 23:00:00,51.45
2019-01-19 23:15:00,51.31
2019-01-19 23:30:00,51.82
2019-01-19 23:45:00,51.47
2019-01-20 00:00:00,51.69
2019-01-20 00:15:00,50.96
2019-01-20 00:30:00,50.8
2019-01-20 00:45:00,51.08
2019-01-20 01:00:00,50.96
2019-01-20 01:15:00,50.66
2019-01-20 01:30:00,51.26
2019-01-20 01:45:00,51.29
2019-01-20 02:00:00,51.05
2019-01-20 02:15:00,51.32
2019-01-20 02:30:00,52.11
2019-01-20 02:45:00,52.23
2019-01-20 03:00:00,51.96
2019-01-20 03:15:00,51.66
2019-01-20 03:30:00,51.49
2019-01-20 03:45:00,51.79
2019-01-20 04:00:00,51.34
2019-01-20 04:15:00,51.09
2019-01-20 04:30:00,51.78
2019-01-20 04:45:00,51.79
2019-01-20 05:00:00,51.35
2019-01-20 05:15:00,50.96
2019-01-20 05:30:00,51.85
2019-01-20 05:45:00,51.85
2019-01-20 06:00:00,51.14
2019-01-20 06:15:00,50.96
2019-01-20 06:30:00,52.98
2019-01-20 06:45:00,55.4
2019-01-20 07:00:00,55.44
2019-01-20 07:15:00,55.09
2019-01-20 07:30:00,55.55
2019-01-20 07:45:00,55.47
2019-01-20 08:00:00,55.43
2019-01-20 08:15:00,56.07
2019-01-20 08:30:00,55.77
2019-01-20 08:45:00,55.43
2019-01-20 09:00:00,55.32
2019-01-20 09:15:00,54.97
2019-01-20 09:30:00,55.49
2019-01-20 09:45:00,55.24
2019-01-20 10:00:00,54.91
2019-01-20 10:15:00,55.13
2019-01-20 10:30:00,55.41
2019-01-20 10:45:00,55.32
2019-01-20 11:00:00,55.0
2019-01-20 11:15:00,55.09
2019-01-20 11:30:00,56.28
2019-01-20 11:45:00,58.7
2019-01-20 12:00:00,59.22
2019-01-20 12:15:00,59.04
2019-01-20 12:30:00,59.24
2019-01-20 12:45:00,59.61
2019-01-20 13:00:00,58.96
2019-01-20 13:15:00,58.67
2019-01-20 13:30:00,59.64
2019-01-20 13:45:00,59.25
2019-01-20 14:00:00,58.86
2019-01-20 14:15:00,58.5
2019-01-20 14:30:00,59.12
2019-01-20 14:45:00,58.82
2019-01-20 15:00:00,58.92
2019-01-20 15:15:00,58.81
2019-01-20 15:30:00,58.66
2019-01-20 15:45:00,59.77
2019-01-20 16:00:00,63.01
2019-01-20 16:15:00,64.08
2019-01-20 16:30:00,63.46
2019-01-20 16:45:00,65.13
2019-01-20 17:00:00,66.45
2019-01-20 17:15:00,65.88
2019-01-20 17:30:00,65.45
2019-01-20 17:45:00,63.95
2019-01-20 18:00:00,82.33
2019-01-20 18:15:00,124.11
2019-01-20 18:30:00,97.38
2019-01-20 18:45:00,67.39
2019-01-20 19:00:00,63.16
2019-01-20 19:15:00,63.03
2019-01-20 19:30:00,62.89
2019-01-20 19:45:00,61.22
2019-01-20 20:00:00,59.4
2019-01-20 20:15:00,70.61
2019-01-20 20:30:00,98.92
2019-01-20 20:45:00,76.57
2019-01-20 21:00:00,59.25
2019-01-20 21:15:00,58.59
2019-01-20 21:30:00,58.31
2019-01-20 21:45:00,58.43
2019-01-20 22:00:00,58.67
2019-01-20 22:15:00,58.61
2019-01-20 22:30:00,77.63
2019-01-20 22:45:00,105.43
2019-01-20 23:00:00,77.3
2019-01-20 23:15:00,58.57
2019-01-20 23:30:00,59.3
2019-01-20 23:45:00,59.19
2019-01-21 00:00:00,60.75
2019-01-21 00:15:00,94.78
2019-01-21 00:30:00,121.41
2019-01-21 00:45:00,93.19
2019-01-21 01:00:00,73.03
2019-01-21 01:15:00,72.92
2019-01-21 01:30:00,80.48
2019-01-21 01:45:00,155.51
2019-01-21 02:00:00,152.56
2019-01-21 02:15:00,110.58
2019-01-21 02:30:00,100.2
2019-01-21 02:45:00,104.87
2019-01-21 03:00:00,115.02
2019-01-21 03:15:00,123.28
2019-01-21 03:30:00,125.62
2019-01-21 03:45:00,99.36
2019-01-21 04:00:00,85.26
2019-01-21 04:15:00,85.55
2019-01-21 04:30:00,87.79
2019-01-21 04:45:00,88.08
2019-01-21 05:00:00,88.13
2019-01-21 05:15:00,89.7
2019-01-21 05:30:00,96.12
2019-01-21 05:45:00,99.33
2019-01-21 06:00:00,98.65
2019-01-21 06:15:00,105.1
2019-01-21 06:30:00,124.29
2019-01-21 06:45:00,146.13
2019-01-21 07:00:00,156.34
2019-01-21 07:15:00,157.93
2019-01-21 07:30:00,165.93
2019-01-21 07:45:00,185.7
2019-01-21 08:00:00,204.47
2019-01-21 08:15:00,220.95
2019-01-21 08:30:00,226.22
2019-01-21 08:45:00,237.78
2019-01-21 09:00:00,254.07
2019-01-21 09:15:00,257.98
2019-01-21 09:30:00,256.93
2019-01-21 09:45:00,265.34
2019-01-21 10:00:00,321.77
2019-01-21 10:15:00,355.44
2019-01-21 10:30:00,306.54
2019-01-21 10:45:00,278.54
2019-01-21 11:00:00,284.13
2019-01-21 11:15:00,290.92
2019-01-21 11:30:00,288.08
2019-01-21 11:45:00,283.36
2019-01-21 12:00:00,288.55
2019-01-21 12:15:00,286.54
2019-01-21 12:30:00,284.01
2019-01-21 12:45:00,285.06
2019-01-21 13:00:00,283.57
2019-01-21 13:15:00,277.0
2019-01-21 13:30:00,274.93
2019-01-21 13:45:00,272.92
2019-01-21 14:00:00,273.91
2019-01-21 14:15:00,273.84
2019-01-21 14:30:00,276.45
2019-01-21 14:45:00,274.86
2019-01-21 15:00:00,272.43
2019-01-21 15:15:00,270.17
2019-01-21 15:30:00,272.75
2019-01-21 15:45:00,274.22
2019-01-21 16:00:00,273.75
2019-01-21 16:15:00,269.44
2019-01-21 16:30:00,270.92
2019-01-21 16:45:00,272.91
2019-01-21 17:00:00,276.11
2019-01-21 17:15:00,271.79
2019-01-21 17:30:00,250.0
2019-01-21 17:45:00,217.89
2019-01-21 18:00:00,184.99
2019-01-21 18:15:00,171.44
2019-01-21 18:30:00,168.28
2019-01-21 18:45:00,163.02
2019-01-21 19:00:00,176.57
2019-01-21 19:15:00,197.92
2019-01-21 19:30:00,167.11
2019-01-21 19:45:00,146.45
2019-01-21 20:00:00,142.72
2019-01-21 20:15:00,138.46
2019-01-21 20:30:00,136.98
2019-01-21 20:45:00,135.85
2019-01-21 21:00:00,130.24
2019-01-21 21:15:00,149.21
2019-01-21 21:30:00,161.88
2019-01-21 21:45:00,121.52
2019-01-21 22:00:00,85.83
2019-01-21 22:15:00,74.33
2019-01-21 22:30:00,66.58
2019-01-21 22:45:00,60.39
2019-01-21 23:00:00,57.98
2019-01-21 23:15:00,55.15
2019-01-21 23:30:00,54.25
2019-01-21 23:45:00,54.57
2019-01-22 00:00:00,55.49
2019-01-22 00:15:00,55.1
2019-01-22 00:30:00,54.71
2019-01-22 00:45:00,54.54
2019-01-22 01:00:00,54.39
2019-01-22 01:15:00,54.28
2019-01-22 01:30:00,54.89
2019-01-22 01:45:00,55.83
2019-01-22 02:00:00,54.93
2019-01-22 02:15:00,57.52
2019-01-22 02:30:00,58.8
2019-01-22 02:45:00,59.03
2019-01-22 03:00:00,59.34
2019-01-22 03:15:00,63.75
2019-01-22 03:30:00,69.42
2019-01-22 03:45:00,70.93
2019-01-22 04:00:00,70.94
2019-01-22 04:15:00,70.41
2019-01-22 04:30:00,77.69
2019-01-22 04:45:00,82.73
2019-01-22 05:00:00,83.51
2019-01-22 05:15:00,86.95
2019-01-22 05:30:00,102.93
2019-01-22 05:45:00,165.65
2019-01-22 06:00:00,181.12
2019-01-22 06:15:00,154.21
2019-01-22 06:30:00,155.32
2019-01-22 06:45:00,183.06
2019-01-22 07:00:00,200.51
2019-01-22 07:15:00,214.96
2019-01-22 07:30:00,235.39
2019-01-22 07:45:00,250.2
2019-01-22 08:00:00,261.31
2019-01-22 08:15:00,266.66
2019-01-22 08:30:00,275.15
2019-01-22 08:45:00,283.85
2019-01-22 09:00:00,290.81
2019-01-22 09:15:00,288.22
2019-01-22 09:30:00,291.55
2019-01-22 09:45:00,293.75
2019-01-22 10:00:00,294.55
2019-01-22 10:15:00,289.15
2019-01-22 10:30:00,284.85
2019-01-22 10:45:00,286.08
2019-01-22 11:00:00,287.43
2019-01-22 11:15:00,287.69
2019-01-22 11:30:00,282.2
2019-01-22 11:45:00,281.94
2019-01-22 12:00:00,290.69
2019-01-22 12:15:00,294.08
2019-01-22 12:30:00,293.2
2019-01-22 12:45:00,291.99
2019-01-22 13:00:00,289.21
2019-01-22 13:15:00,282.19
2019-01-22 13:30:00,281.28
2019-01-22 13:45:00,281.43
2019-01-22 14:00:00,284.04
2019-01-22 14:15:00,282.74
2019-01-22 14:30:00,282.84
2019-01-22 14:45:00,281.04
2019-01-22 15:00:00,278.8
2019-01-22 15:15:00,275.16
2019-01-22 15:30:00,272.28
2019-01-22 15:45:00,273.11
2019-01-22 16:00:00,276.32
2019-01-22 16:15:00,272.5
2019-01-22 16:30:00,269.27
2019-01-22 16:45:00,265.17
2019-01-22 17:00:00,261.55
2019-01-22 17:15:00,257.78
2019-01-22 17:30:00,234.95
2019-01-22 17:45:00,206.31
2019-01-22 18:00:00,188.56
2019-01-22 18:15:00,171.19
2019-01-22 18:30:00,162.64
2019-01-22 18:45:00,157.22
2019-01-22 19:00:00,160.42
2019-01-22 19:15:00,192.26
2019-01-22 19:30:00,164.04
2019-01-22 19:45:00,138.27
2019-01-22 20:00:00,135.43
2019-01-22 20:15:00,132.52
2019-01-22 20:30:00,128.94
2019-01-22 20:45:00,126.75
2019-01-22 21:00:00,124.78
2019-01-22 21:15:00,160.05
2019-01-22 21:30:00,151.65
2019-01-22 21:45:00,123.72
2019-01-22 22:00:00,90.33
2019-01-22 22:15:00,69.56
2019-01-22 22:30:00,64.4
2019-01-22 22:45:00,63.31
2019-01-22 23:00:00,62.87
2019-01-22 23:15:00,61.19
2019-01-22 23:30:00,58.56
2019-01-22 23:45:00,57.18
2019-01-23 00:00:00,57.73
2019-01-23 00:15:00,57.42
2019-01-23 00:30:00,57.15
2019-01-23 00:45:00,57.0
2019-01-23 01:00:00,57.88
2019-01-23 01:15:00,58.51
2019-01-23 01:30:00,58.19
2019-01-23 01:45:00,58.99
2019-01-23 02:00:00,58.64
2019-01-23 02:15:00,58.41
2019-01-23 02:30:00,59.3
2019-01-23 02:45:00,59.26
2019-01-23 03:00:00,60.69
2019-01-23 03:15:00,66.91
2019-01-23 03:30:00,70.6
2019-01-23 03:45:00,74.31
2019-01-23 04:00:00,76.17
2019-01-23 04:15:00,75.64
2019-01-23 04:30:00,79.61
2019-01-23 04:45:00,86.05
2019-01-23 05:00:00,88.22
2019-01-23 05:15:00,92.83
2019-01-23 05:30:00,110.99
2019-01-23 05:45:00,172.96
2019-01-23 06:00:00,187.22
2019-01-23 06:15:00,162.21
2019-01-23 06:30:00,171.44
2019-01-23 06:45:00,194.05
2019-01-23 07:00:00,215.83
2019-01-23 07:15:00,225.81
2019-01-23 07:30:00,231.93
2019-01-23 07:45:00,241.13
2019-01-23 08:00:00,252.23
2019-01-23 08:15:00,260.79
2019-01-23 08:30:00,270.15
2019-01-23 08:45:00,275.93
2019-01-23 09:00:00,285.75
2019-01-23 09:15:00,290.99
2019-01-23 09:30:00,290.47
2019-01-23 09:45:00,287.0
2019-01-23 10:00:00,277.13
2019-01-23 10:15:00,290.93
2019-01-23 10:30:00,295.34
2019-01-23 10:45:00,287.21
2019-01-23 11:00:00,288.47
2019-01-23 11:15:00,287.0
2019-01-23 11:30:00,279.55
2019-01-23 11:45:00,271.23
2019-01-23 12:00:00,276.97
2019-01-23 12:15:00,276.77
2019-01-23 12:30:00,276.96
2019-01-23 12:45:00,274.61
2019-01-23 13:00:00,272.0
2019-01-23 13:15:00,269.54
2019-01-23 13:30:00,267.98
2019-01-23 13:45:00,270.73
2019-01-23 14:00:00,272.6
2019-01-23 14:15:00,265.04
2019-01-23 14:30:00,262.99
2019-01-23 14:45:00,268.06
2019-01-23 15:00:00,270.3
2019-01-23 15:15:00,273.28
2019-01-23 15:30:00,272.03
2019-01-23 15:45:00,268.89
2019-01-23 16:00:00,269.23
2019-01-23 16:15:00,270.5
2019-01-23 16:30:00,274.94
2019-01-23 16:45:00,271.08
2019-01-23 17:00:00,270.05
2019-01-23 17:15:00,267.6
2019-01-23 17:30:00,249.24
2019-01-23 17:45:00,215.02
2019-01-23 18:00:00,183.51
2019-01-23 18:15:00,168.62
2019-01-23 18:30:00,162.47
2019-01-23 18:45:00,156.84
2019-01-23 19:00:00,162.84
2019-01-23 19:15:00,200.04
2019-01-23 19:30:00,174.33
2019-01-23 19:45:00,148.4
2019-01-23 20:00:00,145.44
2019-01-23 20:15:00,142.02
2019-01-23 20:30:00,138.03
2019-01-23 20:45:00,138.92
2019-01-23 21:00:00,177.89
2019-01-23 21:15:00,164.99
2019-01-23 21:30:00,137.47
2019-01-23 21:45:00,118.65
2019-01-23 22:00:00,83.83
2019-01-23 22:15:00,65.03
2019-01-23 22:30:00,61.77
2019-01-23 22:45:00,61.51
2019-01-23 23:00:00,60.99
2019-01-23 23:15:00,57.88
2019-01-23 23:30:00,56.01
2019-01-23 23:45:00,55.74
2019-01-24 00:00:00,56.06
2019-01-24 00:15:00,55.56
2019-01-24 00:30:00,55.81
2019-01-24 00:45:00,55.77
2019-01-24 01:00:00,57.31
2019-01-24 01:15:00,56.82
2019-01-24 01:30:00,56.49
2019-01-24 01:45:00,56.43
2019-01-24 02:00:00,56.57
2019-01-24 02:15:00,56.6
2019-01-24 02:30:00,56.56
2019-01-24 02:45:00,56.41
2019-01-24 03:00:00,60.16
2019-01-24 03:15:00,64.2
2019-01-24 03:30:00,66.58
2019-01-24 03:45:00,69.9
2019-01-24 04:00:00,72.01
2019-01-24 04:15:00,72.63
2019-01-24 04:30:00,72.33
2019-01-24 04:45:00,78.88
2019-01-24 05:00:00,84.71
2019-01-24 05:15:00,88.67
2019-01-24 05:30:00,104.69
2019-01-24 05:45:00,173.39
2019-01-24 06:00:00,178.37
2019-01-24 06:15:00,139.7
2019-01-24 06:30:00,143.15
2019-01-24 06:45:00,170.82
2019-01-24 07:00:00,185.54
2019-01-24 07:15:00,193.41
2019-01-24 07:30:00,220.42
2019-01-24 07:45:00,240.34
2019-01-24 08:00:00,252.59
2019-01-24 08:15:00,265.44
2019-01-24 08:30:00,277.03
2019-01-24 08:45:00,290.56
2019-01-24 09:00:00,295.91
2019-01-24 09:15:00,292.36
2019-01-24 09:30:00,294.36
2019-01-24 09:45:00,291.43
2019-01-24 10:00:00,296.45
2019-01-24 10:15:00,296.14
2019-01-24 10:30:00,295.29
2019-01-24 10:45:00,295.33
2019-01-24 11:00:00,293.44
2019-01-24 11:15:00,293.41
2019-01-24 11:30:00,287.07
2019-01-24 11:45:00,280.49
2019-01-24 12:00:00,280.48
2019-01-24 12:15:00,285.97
2019-01-24 12:30:00,288.29
2019-01-24 12:45:00,289.68
2019-01-24 13:00:00,288.36
2019-01-24 13:15:00,286.21
2019-01-24 13:30:00,282.43
2019-01-24 13:45:00,279.77
2019-01-24 14:00:00,280.32
2019-01-24 14:15:00,284.36
2019-01-24 14:30:00,283.89
2019-01-24 14:45:00,275.62
2019-01-24 15:00:00,279.79
2019-01-24 15:15:00,278.83
2019-01-24 15:30:00,276.77
2019-01-24 15:45:00,278.0
2019-01-24 16:00:00,274.8
2019-01-24 16:15:00,272.19
2019-01-24 16:30:00,274.2
2019-01-24 16:45:00,272.79
2019-01-24 17:00:00,273.37
2019-01-24 17:15:00,271.47
2019-01-24 17:30:00,255.61
2019-01-24 17:45:00,227.89
2019-01-24 18:00:00,196.64
2019-01-24 18:15:00,179.33
2019-01-24 18:30:00,166.31
2019-01-24 18:45:00,155.53
2019-01-24 19:00:00,159.44
2019-01-24 19:15:00,194.36
2019-01-24 19:30:00,172.96
2019-01-24 19:45:00,144.86
2019-01-24 20:00:00,134.91
2019-01-24 20:15:00,130.01
2019-01-24 20:30:00,128.19
2019-01-24 20:45:00,128.08
2019-01-24 21:00:00,163.19
2019-01-24 21:15:00,157.78
2019-01-24 21:30:00,129.08
2019-01-24 21:45:00,119.69
2019-01-24 22:00:00,96.6
2019-01-24 22:15:00,69.49
2019-01-24 22:30:00,61.16
2019-01-24 22:45:00,60.64
2019-01-24 23:00:00,60.03
2019-01-24 23:15:00,60.16
2019-01-24 23:30:00,60.04
2019-01-24 23:45:00,55.65
2019-01-25 00:00:00,54.17
2019-01-25 00:15:00,53.64
2019-01-25 00:30:00,53.11
2019-01-25 00:45:00,52.87
2019-01-25 01:00:00,53.22
2019-01-25 01:15:00,53.89
2019-01-25 01:30:00,54.5
2019-01-25 01:45:00,54.66
2019-01-25 02:00:00,54.9
2019-01-25 02:15:00,54.18
2019-01-25 02:30:00,53.51
2019-01-25 02:45:00,53.8
2019-01-25 03:00:00,54.25
2019-01-25 03:15:00,54.67
2019-01-25 03:30:00,59.17
2019-01-25 03:45:00,61.89
2019-01-25 04:00:00,66.43
2019-01-25 04:15:00,70.21
2019-01-25 04:30:00,70.65
2019-01-25 04:45:00,70.93
2019-01-25 05:00:00,76.53
2019-01-25 05:15:00,87.76
2019-01-25 05:30:00,106.59
2019-01-25 05:45:00,181.29
2019-01-25 06:00:00,183.47
2019-01-25 06:15:00,150.66
2019-01-25 06:30:00,163.32
2019-01-25 06:45:00,187.59
2019-01-25 07:00:00,207.31
2019-01-25 07:15:00,219.74
2019-01-25 07:30:00,237.26
2019-01-25 07:45:00,236.95
2019-01-25 08:00:00,239.02
2019-01-25 08:15:00,256.28
2019-01-25 08:30:00,273.65
2019-01-25 08:45:00,278.5
2019-01-25 09:00:00,289.71
2019-01-25 09:15:00,290.54
2019-01-25 09:30:00,289.54
2019-01-25 09:45:00,282.93
2019-01-25 10:00:00,281.44
2019-01-25 10:15:00,278.79
2019-01-25 10:30:00,281.84
2019-01-25 10:45:00,288.73
2019-01-25 11:00:00,291.52
2019-01-25 11:15:00,282.8
2019-01-25 11:30:00,274.26
2019-01-25 11:45:00,276.73
2019-01-25 12:00:00,281.55
2019-01-25 12:15:00,279.21
2019-01-25 12:30:00,282.48
2019-01-25 12:45:00,283.41
2019-01-25 13:00:00,281.62
2019-01-25 13:15:00,275.68
2019-01-25 13:30:00,271.9
2019-01-25 13:45:00,272.45
2019-01-25 14:00:00,273.78
2019-01-25 14:15:00,275.18
2019-01-25 14:30:00,275.66
2019-01-25 14:45:00,269.63
2019-01-25 15:00:00,267.32
2019-01-25 15:15:00,268.86
2019-01-25 15:30:00,268.81
2019-01-25 15:45:00,270.6
2019-01-25 16:00:00,269.96
2019-01-25 16:15:00,263.49
2019-01-25 16:30:00,257.55
2019-01-25 16:45:00,249.88
2019-01-25 17:00:00,244.9
2019-01-25 17:15:00,240.15
2019-01-25 17:30:00,225.54
2019-01-25 17:45:00,201.86
2019-01-25 18:00:00,182.71
2019-01-25 18:15:00,171.34
2019-01-25 18:30:00,165.09
2019-01-25 18:45:00,157.28
2019-01-25 19:00:00,199.07
2019-01-25 19:15:00,184.57
2019-01-25 19:30:00,146.56
2019-01-25 19:45:00,134.34
2019-01-25 20:00:00,133.41
2019-01-25 20:15:00,131.82
2019-01-25 20:30:00,124.01
2019-01-25 20:45:00,127.67
2019-01-25 21:00:00,161.86
2019-01-25 21:15:00,140.03
2019-01-25 21:30:00,105.99
2019-01-25 21:45:00,89.88
2019-01-25 22:00:00,75.21
2019-01-25 22:15:00,65.52
2019-01-25 22:30:00,62.25
2019-01-25 22:45:00,61.96
2019-01-25 23:00:00,62.54
2019-01-25 23:15:00,62.88
2019-01-25 23:30:00,62.81
2019-01-25 23:45:00,61.24
2019-01-26 00:00:00,58.72
2019-01-26 00:15:00,57.39
2019-01-26 00:30:00,57.25
2019-01-26 00:45:00,56.69
2019-01-26 01:00:00,57.01
2019-01-26 01:15:00,56.99
2019-01-26 01:30:00,56.5
2019-01-26 01:45:00,54.82
2019-01-26 02:00:00,55.63
2019-01-26 02:15:00,56.69
2019-01-26 02:30:00,55.75
2019-01-26 02:45:00,54.46
2019-01-26 03:00:00,55.14
2019-01-26 03:15:00,56.43
2019-01-26 03:30:00,55.69
2019-01-26 03:45:00,55.32
2019-01-26 04:00:00,55.7
2019-01-26 04:15:00,55.34
2019-01-26 04:30:00,55.32
2019-01-26 04:45:00,55.4
2019-01-26 05:00:00,55.39
2019-01-26 05:15:00,55.76
2019-01-26 05:30:00,55.43
2019-01-26 05:45:00,55.56
2019-01-26 06:00:00,55.78
2019-01-26 06:15:00,54.79
2019-01-26 06:30:00,56.8
2019-01-26 06:45:00,58.77
2019-01-26 07:00:00,59.58
2019-01-26 07:15:00,60.33
2019-01-26 07:30:00,59.77
2019-01-26 07:45:00,59.53
2019-01-26 08:00:00,59.99
2019-01-26 08:15:00,58.85
2019-01-26 08:30:00,60.06
2019-01-26 08:45:00,60.25
2019-01-26 09:00:00,59.28
2019-01-26 09:15:00,59.75
2019-01-26 09:30:00,59.88
2019-01-26 09:45:00,59.83
2019-01-26 10:00:00,59.26
2019-01-26 10:15:00,60.04
2019-01-26 10:30:00,60.01
2019-01-26 10:45:00,59.33
2019-01-26 11:00:00,59.25
2019-01-26 11:15:00,59.29
2019-01-26 11:30:00,59.84
2019-01-26 11:45:00,59.46
2019-01-26 12:00:00,59.19
2019-01-26 12:15:00,59.34
2019-01-26 12:30:00,59.53
2019-01-26 12:45:00,59.61
2019-01-26 13:00:00,59.66
2019-01-26 13:15:00,59.83
2019-01-26 13:30:00,59.7
2019-01-26 13:45:00,59.74
2019-01-26 14:00:00,59.71
2019-01-26 14:15:00,59.23
2019-01-26 14:30:00,59.85
2019-01-26 14:45:00,59.15
2019-01-26 15:00:00,59.42
2019-01-26 15:15:00,59.31
2019-01-26 15:30:00,59.02
2019-01-26 15:45:00,59.63
2019-01-26 16:00:00,59.61
2019-01-26 16:15:00,58.91
2019-01-26 16:30:00,58.67
2019-01-26 16:45:00,59.42
2019-01-26 17:00:00,60.06
2019-01-26 17:15:00,59.63
2019-01-26 17:30:00,59.33
2019-01-26 17:45:00,60.18
2019-01-26 18:00:00,60.36
2019-01-26 18:15:00,60.17
2019-01-26 18:30:00,59.14
2019-01-26 18:45:00,59.59
2019-01-26 19:00:00,59.93
2019-01-26 19:15:00,59.75
2019-01-26 19:30:00,58.68
2019-01-26 19:45:00,56.85
2019-01-26 20:00:00,55.79
2019-01-26 20:15:00,55.69
2019-01-26 20:30:00,55.2
2019-01-26 20:45:00,55.5
2019-01-26 21:00:00,56.27
2019-01-26 21:15:00,55.79
2019-01-26 21:30:00,54.96
2019-01-26 21:45:00,54.81
2019-01-26 22:00:00,55.4
2019-01-26 22:15:00,55.33
2019-01-26 22:30:00,54.8
2019-01-26 22:45:00,54.73
2019-01-26 23:00:00,55.02
2019-01-26 23:15:00,55.11
2019-01-26 23:30:00,54.81
2019-01-26 23:45:00,55.88
2019-01-27 00:00:00,56.39
2019-01-27 00:15:00,55.57
2019-01-27 00:30:00,54.63
2019-01-27 00:45:00,55.18
2019-01-27 01:00:00,55.05
2019-01-27 01:15:00,55.4
2019-01-27 01:30:00,55.09
2019-01-27 01:45:00,55.27
2019-01-27 02:00:00,55.9
2019-01-27 02:15:00,55.85
2019-01-27 02:30:00,55.65
2019-01-27 02:45:00,55.66
2019-01-27 03:00:00,55.59
2019-01-27 03:15:00,55.15
2019-01-27 03:30:00,55.88
2019-01-27 03:45:00,54.85
2019-01-27 04:00:00,54.99
2019-01-27 04:15:00,55.58
2019-01-27 04:30:00,55.55
2019-01-27 04:45:00,54.8
2019-01-27 05:00:00,54.88
2019-01-27 05:15:00,54.85
2019-01-27 05:30:00,55.38
2019-01-27 05:45:00,55.26
2019-01-27 06:00:00,55.2
2019-01-27 06:15:00,55.0
2019-01-27 06:30:00,56.44
2019-01-27 06:45:00,58.58
2019-01-27 07:00:00,59.18
2019-01-27 07:15:00,59.82
2019-01-27 07:30:00,59.26
2019-01-27 07:45:00,59.4
2019-01-27 08:00:00,59.54
2019-01-27 08:15:00,59.94
2019-01-27 08:30:00,58.99
2019-01-27 08:45:00,59.31
2019-01-27 09:00:00,60.11
2019-01-27 09:15:00,59.21
2019-01-27 09:30:00,59.08
2019-01-27 09:45:00,59.36
2019-01-27 10:00:00,59.54
2019-01-27 10:15:00,59.22
2019-01-27 10:30:00,59.0
2019-01-27 10:45:00,59.56
2019-01-27 11:00:00,59.78
2019-01-27 11:15:00,58.94
2019-01-27 11:30:00,59.11
2019-01-27 11:45:00,59.02
2019-01-27 12:00:00,59.47
2019-01-27 12:15:00,59.33
2019-01-27 12:30:00,59.04
2019-01-27 12:45:00,58.88
2019-01-27 13:00:00,59.2
2019-01-27 13:15:00,59.22
2019-01-27 13:30:00,58.76
2019-01-27 13:45:00,59.47
2019-01-27 14:00:00,59.61
2019-01-27 14:15:00,59.79
2019-01-27 14:30:00,59.37
2019-01-27 14:45:00,59.77
2019-01-27 15:00:00,59.93
2019-01-27 15:15:00,58.79
2019-01-27 15:30:00,57.83
2019-01-27 15:45:00,58.83
2019-01-27 16:00:00,59.53
2019-01-27 16:15:00,59.64
2019-01-27 16:30:00,62.92
2019-01-27 16:45:00,65.21
2019-01-27 17:00:00,66.25
2019-01-27 17:15:00,66.55
2019-01-27 17:30:00,66.84
2019-01-27 17:45:00,67.16
2019-01-27 18:00:00,83.64
2019-01-27 18:15:00,105.89
2019-01-27 18:30:00,83.08
2019-01-27 18:45:00,67.83
2019-01-27 19:00:00,68.57
2019-01-27 19:15:00,68.13
2019-01-27 19:30:00,68.51
2019-01-27 19:45:00,67.1
2019-01-27 20:00:00,65.59
2019-01-27 20:15:00,65.1
2019-01-27 20:30:00,64.87
2019-01-27 20:45:00,64.83
2019-01-27 21:00:00,64.86
2019-01-27 21:15:00,65.08
2019-01-27 21:30:00,64.64
2019-01-27 21:45:00,64.36
2019-01-27 22:00:00,65.03
2019-01-27 22:15:00,64.52
2019-01-27 22:30:00,64.34
2019-01-27 22:45:00,64.28
2019-01-27 23:00:00,65.03
2019-01-27 23:15:00,64.93
2019-01-27 23:30:00,64.88
2019-01-27 23:45:00,95.33
2019-01-28 00:00:00,117.32
2019-01-28 00:15:00,98.75
2019-01-28 00:30:00,76.61
2019-01-28 00:45:00,69.79
2019-01-28 01:00:00,69.09
2019-01-28 01:15:00,96.92
2019-01-28 01:30:00,125.42
2019-01-28 01:45:00,96.2
2019-01-28 02:00:00,78.0
2019-01-28 02:15:00,80.43
2019-01-28 02:30:00,91.33
2019-01-28 02:45:00,171.2
2019-01-28 03:00:00,160.12
2019-01-28 03:15:00,113.28
2019-01-28 03:30:00,104.73
2019-01-28 03:45:00,113.4
2019-01-28 04:00:00,125.9
2019-01-28 04:15:00,125.3
2019-01-28 04:30:00,119.86
2019-01-28 04:45:00,119.57
2019-01-28 05:00:00,128.93
2019-01-28 05:15:00,138.75
2019-01-28 05:30:00,138.23
2019-01-28 05:45:00,136.3
2019-01-28 06:00:00,136.28
2019-01-28 06:15:00,142.94
2019-01-28 06:30:00,159.07
2019-01-28 06:45:00,181.4
2019-01-28 07:00:00,191.21
2019-01-28 07:15:00,195.59
2019-01-28 07:30:00,210.15
2019-01-28 07:45:00,218.83
2019-01-28 08:00:00,229.99
2019-01-28 08:15:00,250.15
2019-01-28 08:30:00,264.45
2019-01-28 08:45:00,277.52
2019-01-28 09:00:00,290.86
2019-01-28 09:15:00,298.53
2019-01-28 09:30:00,301.64
2019-01-28 09:45:00,302.19
2019-01-28 10:00:00,299.7
2019-01-28 10:15:00,298.06
2019-01-28 10:30:00,298.78
2019-01-28 10:45:00,299.43
2019-01-28 11:00:00,296.06
2019-01-28 11:15:00,290.36
2019-01-28 11:30:00,286.19
2019-01-28 11:45:00,283.39
2019-01-28 12:00:00,291.55
2019-01-28 12:15:00,286.43
2019-01-28 12:30:00,284.06
2019-01-28 12:45:00,284.29
2019-01-28 13:00:00,275.72
2019-01-28 13:15:00,270.08
2019-01-28 13:30:00,263.88
2019-01-28 13:45:00,264.65
2019-01-28 14:00:00,262.9
2019-01-28 14:15:00,260.62
2019-01-28 14:30:00,259.51
2019-01-28 14:45:00,264.51
2019-01-28 15:00:00,267.05
2019-01-28 15:15:00,262.74
2019-01-28 15:30:00,260.23
2019-01-28 15:45:00,263.78
2019-01-28 16:00:00,266.86
2019-01-28 16:15:00,263.91
2019-01-28 16:30:00,261.94
2019-01-28 16:45:00,262.38
2019-01-28 17:00:00,260.28
2019-01-28 17:15:00,259.08
2019-01-28 17:30:00,244.64
2019-01-28 17:45:00,221.02
2019-01-28 18:00:00,193.22
2019-01-28 18:15:00,177.22
2019-01-28 18:30:00,171.0
2019-01-28 18:45:00,168.01
2019-01-28 19:00:00,202.43
2019-01-28 19:15:00,182.21
2019-01-28 19:30:00,151.28
2019-01-28 19:45:00,143.6
2019-01-28 20:00:00,138.79
2019-01-28 20:15:00,132.22
2019-01-28 20:30:00,127.47
2019-01-28 20:45:00,164.88
2019-01-28 21:00:00,159.18
2019-01-28 21:15:00,127.71
2019-01-28 21:30:00,119.1
2019-01-28 21:45:00,118.7
2019-01-28 22:00:00,105.2
2019-01-28 22:15:00,75.25
2019-01-28 22:30:00,58.32
2019-01-28 22:45:00,56.15
2019-01-28 23:00:00,55.45
2019-01-28 23:15:00,52.22
2019-01-28 23:30:00,50.42
2019-01-28 23:45:00,50.29
2019-01-29 00:00:00,50.72
2019-01-29 00:15:00,50.51
2019-01-29 00:30:00,50.72
2019-01-29 00:45:00,51.64
2019-01-29 01:00:00,51.61
2019-01-29 01:15:00,50.81
2019-01-29 01:30:00,51.11
2019-01-29 01:45:00,51.03
2019-01-29 02:00:00,50.43
2019-01-29 02:15:00,50.86
2019-01-29 02:30:00,51.11
2019-01-29 02:45:00,50.88
2019-01-29 03:00:00,50.85
2019-01-29 03:15:00,51.17
2019-01-29 03:30:00,55.93
2019-01-29 03:45:00,60.51
2019-01-29 04:00:00,62.2
2019-01-29 04:15:00,64.35
2019-01-29 04:30:00,67.09
2019-01-29 04:45:00,67.32
2019-01-29 05:00:00,68.37
2019-01-29 05:15:00,76.87
2019-01-29 05:30:00,100.3
2019-01-29 05:45:00,175.92
2019-01-29 06:00:00,168.14
2019-01-29 06:15:00,132.99
2019-01-29 06:30:00,148.67
2019-01-29 06:45:00,181.59
2019-01-29 07:00:00,202.59
2019-01-29 07:15:00,215.77
2019-01-29 07:30:00,230.06
2019-01-29 07:45:00,248.68
2019-01-29 08:00:00,261.07
2019-01-29 08:15:00,273.5
2019-01-29 08:30:00,280.26
2019-01-29 08:45:00,289.19
2019-01-29 09:00:00,296.28
2019-01-29 09:15:00,297.29
2019-01-29 09:30:00,295.16
2019-01-29 09:45:00,294.71
2019-01-29 10:00:00,293.45
2019-01-29 10:15:00,282.78
2019-01-29 10:30:00,280.45
2019-01-29 10:45:00,285.25
2019-01-29 11:00:00,293.98
2019-01-29 11:15:00,290.21
2019-01-29 11:30:00,287.59
2019-01-29 11:45:00,284.94
2019-01-29 12:00:00,288.14
2019-01-29 12:15:00,284.36
2019-01-29 12:30:00,282.75
2019-01-29 12:45:00,276.78
2019-01-29 13:00:00,276.35
2019-01-29 13:15:00,278.36
2019-01-29 13:30:00,274.75
2019-01-29 13:45:00,268.84
2019-01-29 14:00:00,273.33
2019-01-29 14:15:00,268.86
2019-01-29 14:30:00,268.34
2019-01-29 14:45:00,265.21
2019-01-29 15:00:00,263.35
2019-01-29 15:15:00,263.97
2019-01-29 15:30:00,268.1
2019-01-29 15:45:00,264.75
2019-01-29 16:00:00,267.69
2019-01-29 16:15:00,267.22
2019-01-29 16:30:00,265.59
2019-01-29 16:45:00,265.62
2019-01-29 17:00:00,263.68
2019-01-29 17:15:00,264.23
2019-01-29 17:30:00,246.67
2019-01-29 17:45:00,214.69
2019-01-29 18:00:00,177.9
2019-01-29 18:15:00,163.16
2019-01-29 18:30:00,161.78
2019-01-29 18:45:00,160.01
2019-01-29 19:00:00,196.73
2019-01-29 19:15:00,183.09
2019-01-29 19:30:00,146.42
2019-01-29 19:45:00,131.99
2019-01-29 20:00:00,128.28
2019-01-29 20:15:00,124.99
2019-01-29 20:30:00,122.72
2019-01-29 20:45:00,122.88
2019-01-29 21:00:00,159.45
2019-01-29 21:15:00,144.35
2019-01-29 21:30:00,122.42
2019-01-29 21:45:00,113.08
2019-01-29 22:00:00,87.17
2019-01-29 22:15:00,64.96
2019-01-29 22:30:00,58.69
2019-01-29 22:45:00,58.38
2019-01-29 23:00:00,57.77
2019-01-29 23:15:00,55.14
2019-01-29 23:30:00,54.68
2019-01-29 23:45:00,54.77
2019-01-30 00:00:00,54.28
2019-01-30 00:15:00,53.91
2019-01-30 00:30:00,54.29
2019-01-30 00:45:00,54.1
2019-01-30 01:00:00,54.17
2019-01-30 01:15:00,54.39
2019-01-30 01:30:00,54.5
2019-01-30 01:45:00,54.87
2019-01-30 02:00:00,55.44
2019-01-30 02:15:00,55.26
2019-01-30 02:30:00,55.32
2019-01-30 02:45:00,55.4
2019-01-30 03:00:00,55.4
2019-01-30 03:15:00,55.83
2019-01-30 03:30:00,61.97
2019-01-30 03:45:00,66.24
2019-01-30 04:00:00,67.98
2019-01-30 04:15:00,71.3
2019-01-30 04:30:00,73.65
2019-01-30 04:45:00,73.77
2019-01-30 05:00:00,75.46
2019-01-30 05:15:00,83.27
2019-01-30 05:30:00,104.5
2019-01-30 05:45:00,166.09
2019-01-30 06:00:00,160.56
2019-01-30 06:15:00,132.47
2019-01-30 06:30:00,144.09
2019-01-30 06:45:00,166.38
2019-01-30 07:00:00,182.67
2019-01-30 07:15:00,196.18
2019-01-30 07:30:00,208.17
2019-01-30 07:45:00,223.4
2019-01-30 08:00:00,246.21
2019-01-30 08:15:00,263.55
2019-01-30 08:30:00,279.87
2019-01-30 08:45:00,286.84
2019-01-30 09:00:00,286.44
2019-01-30 09:15:00,289.94
2019-01-30 09:30:00,285.24
2019-01-30 09:45:00,281.42
2019-01-30 10:00:00,280.23
2019-01-30 10:15:00,285.14
2019-01-30 10:30:00,291.38
2019-01-30 10:45:00,286.26
2019-01-30 11:00:00,284.55
2019-01-30 11:15:00,278.96
2019-01-30 11:30:00,272.8
2019-01-30 11:45:00,272.75
2019-01-30 12:00:00,276.25
2019-01-30 12:15:00,276.01
2019-01-30 12:30:00,279.99
2019-01-30 12:45:00,284.94
2019-01-30 13:00:00,285.62
2019-01-30 13:15:00,282.34
2019-01-30 13:30:00,278.59
2019-01-30 13:45:00,276.41
2019-01-30 14:00:00,276.66
2019-01-30 14:15:00,271.1
2019-01-30 14:30:00,269.13
2019-01-30 14:45:00,271.82
2019-01-30 15:00:00,273.03
2019-01-30 15:15:00,276.23
2019-01-30 15:30:00,272.86
2019-01-30 15:45:00,269.35
2019-01-30 16:00:00,264.98
2019-01-30 16:15:00,267.89
2019-01-30 16:30:00,266.3
2019-01-30 16:45:00,263.65
2019-01-30 17:00:00,263.44
2019-01-30 17:15:00,263.32
2019-01-30 17:30:00,243.45
2019-01-30 17:45:00,215.46
2019-01-30 18:00:00,187.25
2019-01-30 18:15:00,172.87
2019-01-30 18:30:00,169.77
2019-01-30 18:45:00,169.92
2019-01-30 19:00:00,193.78
2019-01-30 19:15:00,206.33
2019-01-30 19:30:00,178.2
2019-01-30 19:45:00,161.53
2019-01-30 20:00:00,154.1
2019-01-30 20:15:00,148.43
2019-01-30 20:30:00,150.94
2019-01-30 20:45:00,193.26
2019-01-30 21:00:00,175.27
2019-01-30 21:15:00,144.26
2019-01-30 21:30:00,138.59
2019-01-30 21:45:00,138.9
2019-01-30 22:00:00,117.29
2019-01-30 22:15:00,85.21
2019-01-30 22:30:00,73.21
2019-01-30 22:45:00,72.45
2019-01-30 23:00:00,66.18
2019-01-30 23:15:00,56.47
2019-01-30 23:30:00,53.72
2019-01-30 23:45:00,53.28
2019-01-31 00:00:00,52.96
2019-01-31 00:15:00,53.44
2019-01-31 00:30:00,53.66
2019-01-31 00:45:00,53.41
2019-01-31 01:00:00,52.89
2019-01-31 01:15:00,52.74
2019-01-31 01:30:00,53.34
2019-01-31 01:45:00,53.55
2019-01-31 02:00:00,53.28
2019-01-31 02:15:00,54.01
2019-01-31 02:30:00,53.74
2019-01-31 02:45:00,53.45
2019-01-31 03:00:00,55.9
2019-01-31 03:15:00,57.77
2019-01-31 03:30:00,62.99
2019-01-31 03:45:00,68.91
2019-01-31 04:00:00,70.59
2019-01-31 04:15:00,70.71
2019-01-31 04:30:00,73.36
2019-01-31 04:45:00,80.88
2019-01-31 05:00:00,83.47
2019-01-31 05:15:00,84.76
2019-01-31 05:30:00,102.68
2019-01-31 05:45:00,178.13
2019-01-31 06:00:00,181.78
2019-01-31 06:15:00,144.14
2019-01-31 06:30:00,161.67
2019-01-31 06:45:00,193.62
2019-01-31 07:00:00,212.67
2019-01-31 07:15:00,223.35
2019-01-31 07:30:00,239.55
2019-01-31 07:45:00,247.9
2019-01-31 08:00:00,256.48
2019-01-31 08:15:00,267.47
2019-01-31 08:30:00,275.99
2019-01-31 08:45:00,292.62
2019-01-31 09:00:00,300.42
2019-01-31 09:15:00,299.45
2019-01-31 09:30:00,291.44
2019-01-31 09:45:00,294.44
2019-01-31 10:00:00,302.3
2019-01-31 10:15:00,296.92
2019-01-31 10:30:00,297.38
2019-01-31 10:45:00,300.49
2019-01-31 11:00:00,295.52
2019-01-31 11:15:00,289.84
2019-01-31 11:30:00,281.65
2019-01-31 11:45:00,286.01
2019-01-31 12:00:00,296.77
2019-01-31 12:15:00,295.5
2019-01-31 12:30:00,296.67
2019-01-31 12:45:00,287.88
2019-01-31 13:00:00,283.96
2019-01-31 13:15:00,281.63
2019-01-31 13:30:00,283.45
2019-01-31 13:45:00,284.79
2019-01-31 14:00:00,283.7
2019-01-31 14:15:00,281.43
2019-01-31 14:30:00,275.54
2019-01-31 14:45:00,275.23
2019-01-31 15:00:00,280.83
2019-01-31 15:15:00,285.76
2019-01-31 15:30:00,280.97
2019-01-31 15:45:00,275.2
2019-01-31 16:00:00,274.67
2019-01-31 16:15:00,268.9
2019-01-31 16:30:00,269.74
2019-01-31 16:45:00,272.21
2019-01-31 17:00:00,267.2
2019-01-31 17:15:00,262.34
2019-01-31 17:30:00,249.66
2019-01-31 17:45:00,215.24
2019-01-31 18:00:00,182.48
2019-01-31 18:15:00,169.62
2019-01-31 18:30:00,165.69
2019-01-31 18:45:00,161.6
2019-01-31 19:00:00,167.42
2019-01-31 19:15:00,200.04
2019-01-31 19:30:00,167.06
2019-01-31 19:45:00,137.83
2019-01-31 20:00:00,133.82
2019-01-31 20:15:00,131.18
2019-01-31 20:30:00,129.98
2019-01-31 20:45:00,151.13
2019-01-31 21:00:00,165.07
2019-01-31 21:15:00,138.13
2019-01-31 21:30:00,122.45
2019-01-31 21:45:00,119.06
2019-01-31 22:00:00,92.49
2019-01-31 22:15:00,68.12
2019-01-31 22:30:00,61.98
2019-01-31 22:45:00,61.3
2019-01-31 23:00:00,59.38
2019-01-31 23:15:00,55.7
2019-01-31 23:30:00,54.34
2019-01-31 23:45:00,54.36
